<?xml version="1.0" encoding="utf-8" standalone="yes"?>
<rss version="2.0" xmlns:atom="http://www.w3.org/2005/Atom">
  <channel>
    <title>Probability on Andrea Martinelli website</title>
    <link>http://localhost:4321/categories/probability/</link>
    <description>Recent content in Probability on Andrea Martinelli website</description>
    <generator>Hugo</generator>
    <language>it</language>
    <lastBuildDate>Mon, 02 Dec 2024 00:00:00 +0000</lastBuildDate>
    <atom:link href="http://localhost:4321/categories/probability/index.xml" rel="self" type="application/rss+xml" />
    <item>
      <title>Post prova Latex</title>
      <link>http://localhost:4321/blog/post-prova-latex/</link>
      <pubDate>Mon, 02 Dec 2024 00:00:00 +0000</pubDate>
      <guid>http://localhost:4321/blog/post-prova-latex/</guid>
      <description>&lt;p&gt;test &lt;code&gt;$L^1$&lt;/code&gt;&lt;/p&gt;</description>
    </item>
  </channel>
</rss>
