<?xml version="1.0" encoding="utf-8" standalone="yes"?>
<rss version="2.0" xmlns:atom="http://www.w3.org/2005/Atom">
  <channel>
    <title>Theme on Andrea Martinelli website</title>
    <link>http://localhost:4321/tags/theme/</link>
    <description>Recent content in Theme on Andrea Martinelli website</description>
    <generator>Hugo</generator>
    <language>it</language>
    <lastBuildDate>Sun, 01 Aug 2021 21:29:20 +0200</lastBuildDate>
    <atom:link href="http://localhost:4321/tags/theme/index.xml" rel="self" type="application/rss+xml" />
    <item>
      <title>Categories Post</title>
      <link>http://localhost:4321/blog/categories-post/</link>
      <pubDate>Sun, 01 Aug 2021 21:29:20 +0200</pubDate>
      <guid>http://localhost:4321/blog/categories-post/</guid>
      <description>&lt;p&gt;I&amp;rsquo;m a post with multiple categories in the frontmatter:&lt;/p&gt;&#xA;&lt;pre&gt;&lt;code&gt;categories = [&amp;quot;programming&amp;quot;,&amp;quot;lorem&amp;quot;,&amp;quot;pseudo&amp;quot;]&#xA;&lt;/code&gt;&lt;/pre&gt;&#xA;&lt;p&gt;Lorem ipsum dolor sit amet, consectetur adipiscing elit. In mauris nulla, vestibulum vel auctor sed, posuere eu lorem. Aliquam consequat augue ut accumsan mollis. Suspendisse malesuada sodales tincidunt. Vivamus sed erat ac augue bibendum porta sed id ipsum. Ut mollis mauris eget ligula sagittis cursus. Aliquam id pharetra tellus. Pellentesque sed tempus risus. Proin id hendrerit ante. Vestibulum vitae urna ut mauris ultricies dignissim. Ut ante turpis, tristique vitae sagittis quis, sagittis nec diam. Fusce pulvinar cursus porta. Vivamus maximus leo dolor, ut pellentesque lorem fringilla nec. Mauris faucibus turpis posuere sapien euismod, a ullamcorper mi maximus.&lt;/p&gt;</description>
    </item>
    <item>
      <title>Linked post</title>
      <link>http://localhost:4321/blog/linked-post/</link>
      <pubDate>Fri, 02 Oct 2015 21:49:20 +0200</pubDate>
      <guid>http://localhost:4321/blog/linked-post/</guid>
      <description>&lt;p&gt;I&amp;rsquo;m a linked post in the menu. You can add other posts by adding the following line to the frontmatter:&lt;/p&gt;&#xA;&lt;pre&gt;&lt;code&gt;menu = &amp;quot;main&amp;quot;&#xA;&lt;/code&gt;&lt;/pre&gt;&#xA;&lt;p&gt;Lorem ipsum dolor sit amet, consectetur adipiscing elit. In mauris nulla, vestibulum vel auctor sed, posuere eu lorem. Aliquam consequat augue ut accumsan mollis. Suspendisse malesuada sodales tincidunt. Vivamus sed erat ac augue bibendum porta sed id ipsum. Ut mollis mauris eget ligula sagittis cursus. Aliquam id pharetra tellus. Pellentesque sed tempus risus. Proin id hendrerit ante. Vestibulum vitae urna ut mauris ultricies dignissim. Ut ante turpis, tristique vitae sagittis quis, sagittis nec diam. Fusce pulvinar cursus porta. Vivamus maximus leo dolor, ut pellentesque lorem fringilla nec. Mauris faucibus turpis posuere sapien euismod, a ullamcorper mi maximus.&lt;/p&gt;</description>
    </item>
    <item>
      <title>Creating a new theme</title>
      <link>http://localhost:4321/blog/creating-a-new-theme/</link>
      <pubDate>Wed, 24 Jun 2015 13:50:46 +0200</pubDate>
      <guid>http://localhost:4321/blog/creating-a-new-theme/</guid>
      <description>&lt;h2 id=&#34;introduction&#34;&gt;Introduction&lt;/h2&gt;&#xA;&lt;p&gt;This tutorial will show you how to create a simple theme in Hugo. I assume that you are familiar with HTML, the bash command line, and that you are comfortable using Markdown to format content. I&amp;rsquo;ll explain how Hugo uses templates and how you can organize your templates to create a theme. I won&amp;rsquo;t cover using CSS to style your theme.&lt;/p&gt;&#xA;&lt;p&gt;We&amp;rsquo;ll start with creating a new site with a very basic template. Then we&amp;rsquo;ll add in a few pages and posts. With small variations on that, you will be able to create many different types of web sites.&lt;/p&gt;</description>
    </item>
  </channel>
</rss>
