<?xml version="1.0" encoding="utf-8" standalone="yes"?>
<rss version="2.0" xmlns:atom="http://www.w3.org/2005/Atom">
  <channel>
    <title>Didattica on Andrea Martinelli website</title>
    <link>http://localhost:4321/categories/didattica/</link>
    <description>Recent content in Didattica on Andrea Martinelli website</description>
    <generator>Hugo</generator>
    <language>it</language>
    <atom:link href="http://localhost:4321/categories/didattica/index.xml" rel="self" type="application/rss+xml" />
    <item>
      <title>Didattica</title>
      <link>http://localhost:4321/didattica/</link>
      <pubDate>Mon, 01 Jan 0001 00:00:00 +0000</pubDate>
      <guid>http://localhost:4321/didattica/</guid>
      <description>&lt;h2 id=&#34;corsi-attivi&#34;&gt;Corsi attivi&lt;/h2&gt;&#xA;&lt;ul&gt;&#xA;&lt;li&gt;&lt;a href=&#34;http://localhost:4321/pagine_didattica/statistics_2023_2024/index.html&#34;&gt;Statistics (A.A. 2023-2024)&lt;/a&gt;&lt;/li&gt;&#xA;&lt;li&gt;&lt;a href=&#34;http://localhost:4321/pagine_didattica/statistics_2024_2025/index.html&#34;&gt;Statistics (A.A. 2024-2025)&lt;/a&gt;&lt;/li&gt;&#xA;&lt;li&gt;&lt;a href=&#34;http://localhost:4321/pagine_didattica/probabilita_2021_2022/index.html&#34;&gt;Probabilità e statistica (A.A. 2021-2022)&lt;/a&gt;&lt;/li&gt;&#xA;&lt;li&gt;&lt;a href=&#34;http://localhost:4321/pagine_didattica/statistica_b_2020_2021/index.html&#34;&gt;Statistica B (A.A. 2020-2021)&lt;/a&gt;&lt;/li&gt;&#xA;&lt;/ul&gt;&#xA;&lt;h2 id=&#34;corsi-dei-precedenti-aa&#34;&gt;Corsi dei precedenti a.a.&lt;/h2&gt;&#xA;&lt;p&gt;I corsi dei precedenti anni accademici sono:&lt;/p&gt;&#xA;&lt;ul&gt;&#xA;&lt;li&gt;Statistica I - F49030&lt;/li&gt;&#xA;&lt;li&gt;Statistica II - F49038&lt;/li&gt;&#xA;&lt;li&gt;Economia Matematica II - F49029&lt;/li&gt;&#xA;&lt;li&gt;Statistica e Finanza (Statistica e Applicazioni) A.A. 2012-2013&lt;/li&gt;&#xA;&lt;li&gt;Statistica A (2013-2014)&lt;/li&gt;&#xA;&lt;/ul&gt;&#xA;&lt;h2 id=&#34;argomenti-tesi&#34;&gt;Argomenti tesi&lt;/h2&gt;&#xA;&lt;blockquote&gt;&#xA;&lt;p&gt;Per informazioni su possibili argomenti di tesi si contatti il docente.&lt;/p&gt;&#xA;&lt;/blockquote&gt;</description>
    </item>
    <item>
      <title>Probabilità e statistica</title>
      <link>http://localhost:4321/pagine_didattica/probabilita_2021_2022/</link>
      <pubDate>Mon, 01 Jan 0001 00:00:00 +0000</pubDate>
      <guid>http://localhost:4321/pagine_didattica/probabilita_2021_2022/</guid>
      <description>&lt;h2 id=&#34;inizio&#34;&gt;&lt;/h2&gt;&#xA;&lt;!-- :::{.infobox .caution data-latex=&#34;{caution}&#34;} --&gt;&#xA;&lt;!-- **Modalità di esame straordinarie per emergenza COVID**   --&gt;&#xA;&lt;!-- Come dovreste sapere per via dell&#39;emergenza il Rettore ha ritenuto opportuno mantenere le modalità di esame online sino a febbraio 2021. L&#39;Ateneo ha specificato le linee guida per lo svolgimento di tali esami online. --&gt;&#xA;&lt;!-- In questa [pagina](/pagine_didattica/modalita_esame_covid/index.html) potete trovare un estratto delle linee guida per quanto riguarda le modalità di esame del corso di statistica. --&gt;&#xA;&lt;!-- ::: --&gt;&#xA;&lt;p&gt;&lt;a href=&#34;#programma&#34;&gt;&lt;font size=&#34;4&#34;&gt;Programma&lt;/font&gt;&lt;/a&gt;&lt;/p&gt;</description>
    </item>
    <item>
      <title>Statistica B</title>
      <link>http://localhost:4321/pagine_didattica/statistica_b_2020_2021/</link>
      <pubDate>Mon, 01 Jan 0001 00:00:00 +0000</pubDate>
      <guid>http://localhost:4321/pagine_didattica/statistica_b_2020_2021/</guid>
      <description>&lt;h2 id=&#34;inizio&#34;&gt;&lt;/h2&gt;&#xA;&lt;p&gt;&lt;a href=&#34;#programma&#34;&gt;&lt;font size=&#34;4&#34;&gt;Programma&lt;/font&gt;&lt;/a&gt;&lt;/p&gt;&#xA;&lt;p&gt;&lt;a href=&#34;#biblio&#34;&gt;&lt;font size=&#34;4&#34;&gt;Bibliografia&lt;/font&gt;&lt;/a&gt;&lt;/p&gt;&#xA;&lt;p&gt;&lt;a href=&#34;#esami&#34;&gt;&lt;font size=&#34;4&#34;&gt;Modalità di esame&lt;/font&gt;&lt;/a&gt;&lt;/p&gt;&#xA;&lt;h2 id=&#34;programma&#34;&gt;Programma&lt;/h2&gt;&#xA;&lt;h3 id=&#34;breve-introduzione-al-corso&#34;&gt;Breve introduzione al corso&lt;/h3&gt;&#xA;&lt;p&gt;Il corso prevede di coprire i seguenti argomenti:&lt;/p&gt;&#xA;&lt;ol&gt;&#xA;&lt;li&gt;Richiami e integrazioni di teoria della probabilità;&lt;/li&gt;&#xA;&lt;li&gt;Definizione di modello statistico;&lt;/li&gt;&#xA;&lt;li&gt;Statistiche e teoria della stima puntuale;&lt;/li&gt;&#xA;&lt;li&gt;Stima per intervalli;&lt;/li&gt;&#xA;&lt;li&gt;Verifica di ipotesi con approccio di Neyman/Pearson e con test di significatività&lt;/li&gt;&#xA;&lt;li&gt;Modelli lineari&lt;/li&gt;&#xA;&lt;li&gt;Introduzione a problemi non parametrici&lt;/li&gt;&#xA;&lt;/ol&gt;&#xA;&lt;p&gt;&lt;a href=#inizio class=&#34;fas fa-arrow-circle-up&#34;&gt;&lt;/a&gt;&lt;/p&gt;&#xA;&lt;h3 id=&#34;biblio&#34;&gt;Testi di consigliati&lt;/h3&gt;&#xA;&lt;ol&gt;&#xA;&lt;li&gt;Cicchitelli, G. Statistica: principi e metodi. 2/Ed. Pearson, 2012&lt;/li&gt;&#xA;&lt;li&gt;Mood, Graybill e Boes. Introduzione alla Statistica. McGraw Hill, 1991}&lt;/li&gt;&#xA;&lt;li&gt;Wasserman, L. All of Statistics: A Concise Course in Statistical Inference. Springer, 2004&lt;/li&gt;&#xA;&lt;/ol&gt;&#xA;&lt;/p&gt;</description>
    </item>
    <item>
      <title>Statistics (2023-2024)</title>
      <link>http://localhost:4321/pagine_didattica/statistics_2023_2024/</link>
      <pubDate>Mon, 01 Jan 0001 00:00:00 +0000</pubDate>
      <guid>http://localhost:4321/pagine_didattica/statistics_2023_2024/</guid>
      <description>&lt;h2 id=&#34;inizio&#34;&gt;&lt;/h2&gt;&#xA;&lt;p&gt;&lt;a href=&#34;#programma&#34;&gt;&lt;font size=&#34;4&#34;&gt;Programma&lt;/font&gt;&lt;/a&gt;&lt;/p&gt;&#xA;&lt;p&gt;&lt;a href=&#34;#esami&#34;&gt;&lt;font size=&#34;4&#34;&gt;Modalità di esame&lt;/font&gt;&lt;/a&gt;&lt;/p&gt;&#xA;&lt;h2 id=&#34;programma&#34;&gt;Programma&lt;/h2&gt;&#xA;&lt;h3 id=&#34;breve-introduzione-al-corso&#34;&gt;Breve introduzione al corso&lt;/h3&gt;&#xA;&lt;p&gt;L’approccio bayesiano all’inferenza sta acquisendo sempre più importanza in vari ambiti della statistica. Il fine del corso è quello di introdurre l’approccio bayesiano ai problemi di inferenza statistica parametrica. Gli argomenti trattati nel corso sono argomenti standard per l’approccio bayesiano alla statistica, per questo motivo si trovano una moltitudine di testi che coprono l’intero programma del corso (e molto altro). Nel corso verranno trattati argomenti che si possono trovare su più testi, tra questi quelli che meglio si adattano al programma ed all’approccio del corso sono il libro di Hoff (2009) e quello di Kruschke (2010), per quanto riguarda la parte modellistica e applicata dell’analisi statistica, mentre per quella teorica si farà riferimento a Ghosh et al. Oltre a questi testi, per eventuali approfondimenti sono molto interessanti il Bernardo and Smith (1994), che analizza in modo abbastanza rigoroso l’approccio inferenziale bayesiano e Gelman et al. (2004) per una introduzione all’analisi dei dati bayesiana. Per una trattazione rigorosa, generale e più approfondita dal punto di vista della statistica matematica, non solo bayesiana, vi è lo Schervish (1995), è però necessario osservare che questo testo richiede una buona conoscenza della teoria della misura e dell’integrazione astratta. Quest’ultimo libro è molto utile per ulteriori approfondimenti. I testi di 4. e 5. a cui si farà spesso riferimento durante il corso fanno ampio uso del software statistico (gratuito) R, per questo motivo si suggerisce di installarlo per far girare i listati presenti nei testi. I link per ottenere il software si possono trovare in Risorse utili.&#xA;Prerequisiti&lt;/p&gt;</description>
    </item>
    <item>
      <title>Statistics (2024-2025)</title>
      <link>http://localhost:4321/pagine_didattica/statistics_2024_2025/</link>
      <pubDate>Mon, 01 Jan 0001 00:00:00 +0000</pubDate>
      <guid>http://localhost:4321/pagine_didattica/statistics_2024_2025/</guid>
      <description>&lt;h2 id=&#34;inizio&#34;&gt;&lt;/h2&gt;&#xA;&lt;p&gt;&lt;a href=&#34;#programma&#34;&gt;&lt;font size=&#34;4&#34;&gt;Programma&lt;/font&gt;&lt;/a&gt;&lt;/p&gt;&#xA;&lt;p&gt;&lt;a href=&#34;#biblio&#34;&gt;&lt;font size=&#34;4&#34;&gt;Bibliografia&lt;/font&gt;&lt;/a&gt;&lt;/p&gt;&#xA;&lt;p&gt;&lt;a href=&#34;#esami&#34;&gt;&lt;font size=&#34;4&#34;&gt;Modalità di esame&lt;/font&gt;&lt;/a&gt;&lt;/p&gt;&#xA;&lt;p&gt;&lt;a href=&#34;#lezioni&#34;&gt;&lt;font size=&#34;4&#34;&gt;Orari lezioni&lt;/font&gt;&lt;/a&gt;&lt;/p&gt;&#xA;&lt;h2 id=&#34;programma&#34;&gt;Programma esteso&lt;/h2&gt;&#xA;&lt;p&gt;Il corso prevede di coprire i seguenti argomenti:&lt;/p&gt;&#xA;&lt;ol&gt;&#xA;&lt;li&gt;Richiami e complementi di probabilità&#xA;&lt;ul&gt;&#xA;&lt;li&gt;Particolari famiglie di distribuzioni di probabilità univariate;&lt;/li&gt;&#xA;&lt;li&gt;Richiami su vettori aleatori: distribuzioni, momenti e funzioni generatrici dei momenti;&lt;/li&gt;&#xA;&lt;li&gt;Particolari famiglie di distribuzioni di probabilità multivariate, in particolare distribuzione gaussiana multivariata;&lt;/li&gt;&#xA;&lt;li&gt;Distribuzioni di trasformazioni di variabili e vettori aleatori.&lt;/li&gt;&#xA;&lt;/ul&gt;&#xA;&lt;/li&gt;&#xA;&lt;li&gt;I modelli statistici&#xA;&lt;ul&gt;&#xA;&lt;li&gt;I campioni e i metodi di campionamento;&lt;/li&gt;&#xA;&lt;li&gt;Le statistiche: definizione, la media campionaria, le statistiche d’ordine.’&lt;/li&gt;&#xA;&lt;li&gt;Esempi&lt;/li&gt;&#xA;&lt;/ul&gt;&#xA;&lt;/li&gt;&#xA;&lt;li&gt;La stima puntuale&#xA;&lt;ul&gt;&#xA;&lt;li&gt;Il problema della stima puntuale e la definizione di stimatore puntuale;&lt;/li&gt;&#xA;&lt;li&gt;Alcuni metodi di ricerca degli stimatori: il metodo dei momenti e la massima verosimiglianza;&lt;/li&gt;&#xA;&lt;li&gt;Proprietà degli stimatori puntuali su campioni finiti: errore quadratico medio, non distorsione e “vicinanza”;&lt;/li&gt;&#xA;&lt;li&gt;Proprietà asintotiche degli stimatori puntuali: consistenza e asintotica normalità;&lt;/li&gt;&#xA;&lt;li&gt;Gli stimatori non distorti nel caso uniparametrico: la minimizzazione della varianza e il suo limite inferiore;&lt;/li&gt;&#xA;&lt;li&gt;Generalizzazioni al caso multiparametrico.&lt;/li&gt;&#xA;&lt;li&gt;Esempi&lt;/li&gt;&#xA;&lt;/ul&gt;&#xA;&lt;/li&gt;&#xA;&lt;li&gt;La stima per intervalli&#xA;&lt;ul&gt;&#xA;&lt;li&gt;La stima con gli intervalli e gli insiemi di confidenza: definizioni&lt;/li&gt;&#xA;&lt;li&gt;Metodi di ricerca di insiemi di confidenza: la quantità pivotale e il metodo statistico&lt;/li&gt;&#xA;&lt;li&gt;Gli intervalli di confidenza nei modelli gaussiani&lt;/li&gt;&#xA;&lt;/ul&gt;&#xA;&lt;/li&gt;&#xA;&lt;li&gt;La verifica delle ipotesi in ambito parametrico&#xA;&lt;ul&gt;&#xA;&lt;li&gt;Definizione del problema di Neyman e Pearson: ipotesi nulla e alternativa, ipotesi semplici e composte. Esempi.&lt;/li&gt;&#xA;&lt;li&gt;Criteri di ottimalità nella teoria dei test di Neyman e Pearson: i test uniformementi più potenti.&lt;/li&gt;&#xA;&lt;/ul&gt;&#xA;&lt;/li&gt;&#xA;&lt;li&gt;La verifica delle ipotesi in ambito parametrico&#xA;&lt;ul&gt;&#xA;&lt;li&gt;Definizione del problema di Neyman e Pearson: ipotesi nulla e alternativa, ipotesi semplici e composte. Esempi.&lt;/li&gt;&#xA;&lt;li&gt;Criteri di ottimalità nella teoria dei test di Neyman e Pearson: i test uniformementi più potenti.&lt;/li&gt;&#xA;&lt;li&gt;Lemma di Neyman e Pearson;&lt;/li&gt;&#xA;&lt;li&gt;Test di ipotesi nei modelli gaussiani;&lt;/li&gt;&#xA;&lt;li&gt;Il test \Chi^2&lt;/li&gt;&#xA;&lt;/ul&gt;&#xA;&lt;/li&gt;&#xA;&lt;li&gt;I modelli lineari&#xA;&lt;ul&gt;&#xA;&lt;li&gt;Definizione di modello lineare con uno o più regressori;&lt;/li&gt;&#xA;&lt;li&gt;La stima puntuale dei parametri;&lt;/li&gt;&#xA;&lt;li&gt;La stima intervallare dei parametri;&lt;/li&gt;&#xA;&lt;li&gt;I test di ipotesi&lt;/li&gt;&#xA;&lt;/ul&gt;&#xA;&lt;/li&gt;&#xA;&lt;li&gt;Introduzione a problemi non parametrici&#xA;&lt;ul&gt;&#xA;&lt;li&gt;La stima puntuale della funzione di ripartizione e il teorema di Glivenko-Cantelli;&lt;/li&gt;&#xA;&lt;li&gt;Il test di Kolmogorov-Smirnov per il confronto di distribuzioni;&lt;/li&gt;&#xA;&lt;li&gt;Test per il confronto di due distribuzioni.&#xA;&lt;a href=#inizio class=&#34;fas fa-arrow-circle-up&#34;&gt;&lt;/a&gt;&lt;/li&gt;&#xA;&lt;/ul&gt;&#xA;&lt;/li&gt;&#xA;&lt;/ol&gt;&#xA;&lt;h3 id=&#34;biblio&#34;&gt;Testi di consigliati&lt;/h3&gt;&#xA;&lt;ol&gt;&#xA;&lt;li&gt;Cicchitelli, G. Statistica: principi e metodi. 2/Ed. Pearson, 2012&lt;/li&gt;&#xA;&lt;li&gt;Mood, Graybill e Boes, Introduzione alla Statistica. McGraw Hill, 1991&lt;/li&gt;&#xA;&lt;li&gt;Mark J. Schervish, Theory of statistics. Springer, 1995&lt;/li&gt;&#xA;&lt;li&gt;Barra, Jean René, Mathematical Basis of Statistics, Academic Press, 1981&lt;/li&gt;&#xA;&lt;/ol&gt;&#xA;&lt;/p&gt;</description>
    </item>
  </channel>
</rss>
