<?xml version="1.0" encoding="utf-8" standalone="yes"?>
<rss version="2.0" xmlns:atom="http://www.w3.org/2005/Atom">
  <channel>
    <title>Categories on Andrea Martinelli website</title>
    <link>http://localhost:4321/categories/</link>
    <description>Recent content in Categories on Andrea Martinelli website</description>
    <generator>Hugo</generator>
    <language>it</language>
    <lastBuildDate>Tue, 07 Jun 2022 00:00:00 +0000</lastBuildDate>
    <atom:link href="http://localhost:4321/categories/index.xml" rel="self" type="application/rss+xml" />
    <item>
      <title>Data Analysis</title>
      <link>http://localhost:4321/categories/data-analysis/</link>
      <pubDate>Tue, 07 Jun 2022 00:00:00 +0000</pubDate>
      <guid>http://localhost:4321/categories/data-analysis/</guid>
      <description></description>
    </item>
    <item>
      <title>R</title>
      <link>http://localhost:4321/categories/r/</link>
      <pubDate>Tue, 07 Jun 2022 00:00:00 +0000</pubDate>
      <guid>http://localhost:4321/categories/r/</guid>
      <description></description>
    </item>
    <item>
      <title>Didattica</title>
      <link>http://localhost:4321/categories/didattica/</link>
      <pubDate>Mon, 01 Jan 0001 00:00:00 +0000</pubDate>
      <guid>http://localhost:4321/categories/didattica/</guid>
      <description></description>
    </item>
  </channel>
</rss>
