<?xml version="1.0" encoding="utf-8" standalone="yes"?>
<rss version="2.0" xmlns:atom="http://www.w3.org/2005/Atom">
  <channel>
    <title>Lorem on Andrea Martinelli website</title>
    <link>http://localhost:4321/categories/lorem/</link>
    <description>Recent content in Lorem on Andrea Martinelli website</description>
    <generator>Hugo</generator>
    <language>it</language>
    <lastBuildDate>Sun, 01 Aug 2021 21:29:20 +0200</lastBuildDate>
    <atom:link href="http://localhost:4321/categories/lorem/index.xml" rel="self" type="application/rss+xml" />
    <item>
      <title>Categories Post</title>
      <link>http://localhost:4321/blog/categories-post/</link>
      <pubDate>Sun, 01 Aug 2021 21:29:20 +0200</pubDate>
      <guid>http://localhost:4321/blog/categories-post/</guid>
      <description>&lt;p&gt;I&amp;rsquo;m a post with multiple categories in the frontmatter:&lt;/p&gt;&#xA;&lt;pre&gt;&lt;code&gt;categories = [&amp;quot;programming&amp;quot;,&amp;quot;lorem&amp;quot;,&amp;quot;pseudo&amp;quot;]&#xA;&lt;/code&gt;&lt;/pre&gt;&#xA;&lt;p&gt;Lorem ipsum dolor sit amet, consectetur adipiscing elit. In mauris nulla, vestibulum vel auctor sed, posuere eu lorem. Aliquam consequat augue ut accumsan mollis. Suspendisse malesuada sodales tincidunt. Vivamus sed erat ac augue bibendum porta sed id ipsum. Ut mollis mauris eget ligula sagittis cursus. Aliquam id pharetra tellus. Pellentesque sed tempus risus. Proin id hendrerit ante. Vestibulum vitae urna ut mauris ultricies dignissim. Ut ante turpis, tristique vitae sagittis quis, sagittis nec diam. Fusce pulvinar cursus porta. Vivamus maximus leo dolor, ut pellentesque lorem fringilla nec. Mauris faucibus turpis posuere sapien euismod, a ullamcorper mi maximus.&lt;/p&gt;</description>
    </item>
    <item>
      <title>Migrate from Jekyll</title>
      <link>http://localhost:4321/blog/migrate-from-jekyll/</link>
      <pubDate>Mon, 01 Jan 0001 00:00:00 +0000</pubDate>
      <guid>http://localhost:4321/blog/migrate-from-jekyll/</guid>
      <description>&lt;h2 id=&#34;move-static-content-to-static&#34;&gt;Move static content to &lt;code&gt;static&lt;/code&gt;&lt;/h2&gt;&#xA;&lt;p&gt;Jekyll has a rule that any directory not starting with &lt;code&gt;_&lt;/code&gt; will be copied as-is to the &lt;code&gt;_site&lt;/code&gt; output. Hugo keeps all static content under &lt;code&gt;static&lt;/code&gt;. You should therefore move it all there.&#xA;With Jekyll, something that looked like&lt;/p&gt;&#xA;&lt;pre&gt;&lt;code&gt;▾ &amp;lt;root&amp;gt;/&#xA;    ▾ images/&#xA;        logo.png&#xA;&lt;/code&gt;&lt;/pre&gt;&#xA;&lt;p&gt;should become&lt;/p&gt;&#xA;&lt;pre&gt;&lt;code&gt;▾ &amp;lt;root&amp;gt;/&#xA;    ▾ static/&#xA;        ▾ images/&#xA;            logo.png&#xA;&lt;/code&gt;&lt;/pre&gt;&#xA;&lt;p&gt;Additionally, you&amp;rsquo;ll want any files that should reside at the root (such as &lt;code&gt;CNAME&lt;/code&gt;) to be moved to &lt;code&gt;static&lt;/code&gt;.&lt;/p&gt;</description>
    </item>
  </channel>
</rss>
