<?xml version="1.0" encoding="utf-8" standalone="yes"?>
<rss version="2.0" xmlns:atom="http://www.w3.org/2005/Atom">
  <channel>
    <title>Tags on Andrea Martinelli website</title>
    <link>http://localhost:4321/tags/</link>
    <description>Recent content in Tags on Andrea Martinelli website</description>
    <generator>Hugo</generator>
    <language>it</language>
    <lastBuildDate>Tue, 07 Jun 2022 00:00:00 +0000</lastBuildDate>
    <atom:link href="http://localhost:4321/tags/index.xml" rel="self" type="application/rss+xml" />
    <item>
      <title>R</title>
      <link>http://localhost:4321/tags/r/</link>
      <pubDate>Tue, 07 Jun 2022 00:00:00 +0000</pubDate>
      <guid>http://localhost:4321/tags/r/</guid>
      <description></description>
    </item>
    <item>
      <title>Plot</title>
      <link>http://localhost:4321/tags/plot/</link>
      <pubDate>Wed, 02 Dec 2020 00:00:00 +0000</pubDate>
      <guid>http://localhost:4321/tags/plot/</guid>
      <description></description>
    </item>
    <item>
      <title>R Markdown</title>
      <link>http://localhost:4321/tags/r-markdown/</link>
      <pubDate>Wed, 02 Dec 2020 00:00:00 +0000</pubDate>
      <guid>http://localhost:4321/tags/r-markdown/</guid>
      <description></description>
    </item>
    <item>
      <title>Regression</title>
      <link>http://localhost:4321/tags/regression/</link>
      <pubDate>Wed, 02 Dec 2020 00:00:00 +0000</pubDate>
      <guid>http://localhost:4321/tags/regression/</guid>
      <description></description>
    </item>
  </channel>
</rss>
