<?xml version="1.0" encoding="utf-8" standalone="yes"?>
<rss version="2.0" xmlns:atom="http://www.w3.org/2005/Atom">
  <channel>
    <title>Andrea Martinelli website</title>
    <link>/</link>
    <description>Recent content on Andrea Martinelli website</description>
    <generator>Hugo -- gohugo.io</generator>
    <language>it</language>
    <lastBuildDate>Wed, 29 Apr 2020 00:00:00 +0000</lastBuildDate>
    
	<atom:link href="/index.xml" rel="self" type="application/rss+xml" />
    
    
    <item>
      <title>Fate le vostre analisi</title>
      <link>/blog/2020/04/29/analisi_r/</link>
      <pubDate>Wed, 29 Apr 2020 00:00:00 +0000</pubDate>
      
      <guid>/blog/2020/04/29/analisi_r/</guid>
      <description>Cosa si fa oggi Oggi impariamo (velocemente) ad importare i dati e a fare dei grafici con R. Gli esempi che prendiamo in considerazione sono i dati che vanno di più negli ultimi mesi, cioé i dati su COVID 19. In particolare, ci concentriamo sui dati che sono divulgati dalla protezione civile.
Attenzione
In alto a destra nei riquadri con il codice c’è un’icona, cliccando sull’icona si copia tutto il codice del riquadro, che può essere inserito in R per farlo girare1 .</description>
    </item>
    
    <item>
      <title>Il modello epidemiologico SIRD</title>
      <link>/blog/2020/04/27/sird/</link>
      <pubDate>Mon, 27 Apr 2020 00:00:00 +0000</pubDate>
      
      <guid>/blog/2020/04/27/sird/</guid>
      <description>Introduzione Ci sono una miriade di modelli epidemiologici per descrivere lo sviluppo di un virus in una popolazione, quello che consideriamo nel post è uno dei più semplici. Ricordiamo che possiamo studiare modelli estremamante complessi e che si adattano molto meglio al fenomeno, ma il problmea è che se non si hanno dati adeguati dal punto di vista statistico non sono particolarmente utili.</description>
    </item>
    
    <item>
      <title>Vediamo l&#39;Europa </title>
      <link>/blog/2020/04/27/covid_eur/</link>
      <pubDate>Mon, 27 Apr 2020 00:00:00 +0000</pubDate>
      
      <guid>/blog/2020/04/27/covid_eur/</guid>
      <description>Attenzione
I dati sono aggiornati al 28/04/2020. I commenti sono quelli originali.
 I dati Oggi cerchiamo di riassumere l’andamento del COVID a livello europeo e determinare quale è, anche solo indicativamente lo stato dell’Italia rispetto a quello degli altri paesi europei, rispetto alla pandemia.
I dati utilizzati oggi sono scaricabili dal sito del European Centre for Disease Prevention and Control.</description>
    </item>
    
    <item>
      <title>Un occhio alla situazione regionale</title>
      <link>/blog/2020/04/16/covid_reg/</link>
      <pubDate>Thu, 16 Apr 2020 00:00:00 +0000</pubDate>
      
      <guid>/blog/2020/04/16/covid_reg/</guid>
      <description>Attenzione
I dati sono aggiornati al 28/04/2020. I commenti sono quelli originali.
  Il fine del post è solo di illustrare graficamente alcuni aspetti della pandemia in Italia, quindi niente previsioni e niente letture critiche per quanto riguarda l’operato di “chiunque”.
Ricordo anche che purtroppo i dati sono poco affidabili per tante e valide ragioni, quindi le conclusioni che si possono trarre sono da prendere con le pinze.</description>
    </item>
    
    <item>
      <title>Un&#39;analisi esplorativa grafica dei dati sul covid-19</title>
      <link>/blog/2020/04/09/covid_naz/</link>
      <pubDate>Thu, 09 Apr 2020 00:00:00 +0000</pubDate>
      
      <guid>/blog/2020/04/09/covid_naz/</guid>
      <description>Attenzione
I dati sono aggiornati al 28/04/2020. I commenti sono quelli originali.
  I dati che ho utilizzato si possono trovare sul sito del progetto della protezione civile su github, che sono qua
  L’ultimo aggiornamento dei dati è stato fatto il 28/04/2020
 Introduzione Questo post ha il solo obiettivo di rappresentare graficamente i dati che giornalmente diffonde la protezione civile sulla diffusione del coronavirus nel nostro paese.</description>
    </item>
    
    <item>
      <title>Symmetric distributions</title>
      <link>/blog/2020/04/04/symmetric-distributions/</link>
      <pubDate>Sat, 04 Apr 2020 00:00:00 +0000</pubDate>
      
      <guid>/blog/2020/04/04/symmetric-distributions/</guid>
      <description>Quelli che seguono sono appunti disordinati sulle distribuzioni uniformi sul disco e la circonferenza. Queste sono l’ingrediente base per l’introduzione delle distribuzioni sferiche e, in seguito, \(\ell^p\)-simmetriche.
  Spero non ci siano errori, in caso contrario fatemelo sapere
 In this section we study the uniform distribution on the disc and on the circumference, in these cases many properties have a simple intuitive meaning. In the following section we will generalize these distribution to the \(d\)–dimensional case.</description>
    </item>
    
    <item>
      <title>Contatti</title>
      <link>/contact/</link>
      <pubDate>Mon, 01 Jan 0001 00:00:00 +0000</pubDate>
      
      <guid>/contact/</guid>
      <description>Contatto diretto Se preferite contattarmi direttamente dal sito è sufficiente riempire il modulo. Cercherò di rispondere al più presto.</description>
    </item>
    
    <item>
      <title>Didattica</title>
      <link>/didattica/</link>
      <pubDate>Mon, 01 Jan 0001 00:00:00 +0000</pubDate>
      
      <guid>/didattica/</guid>
      <description>Avviso  Per ragioni organizzative gli studenti che devono sostenere esami di corsi tenuti precedentemente all’Anno Accademico 2016-2017 devono contattare il docente.
  Corsi attivi  Statistica A (A.A. 2015-2016) Statistica B (A.A. 2016-2017) Statistica A (A.A. 2017-2018)   Corsi dei precedenti a.a. I corsi dei precedenti anni accademici sono:
 Statistica I - F49030 Statistica II - F49038 Economia Matematica II - F49029 Statistica e Finanza (Statistica e Applicazioni) A.</description>
    </item>
    
    <item>
      <title>Didattica</title>
      <link>/pagine_didattica/didattica/</link>
      <pubDate>Mon, 01 Jan 0001 00:00:00 +0000</pubDate>
      
      <guid>/pagine_didattica/didattica/</guid>
      <description>Avviso  Per ragioni organizzative gli studenti che devono sostenere esami di corsi tenuti precedentemente all’Anno Accademico 2016-2017 devono contattare il docente.
 \[ \alpha = \int_a^b f(x) d x \]
 Corsi attivi  Statistica A (A.A. 2015-2016) Statistica B (A.A. 2016-2017) Statistica A (A.A. 2017-2018)   Corsi dei precedenti a.a. I corsi dei precedenti anni accademici sono:
 Statistica I - F49030 Statistica II - F49038 Economia Matematica II - F49029 Statistica e Finanza (Statistica e Applicazioni) A.</description>
    </item>
    
    <item>
      <title>Ricerca</title>
      <link>/ricerca/</link>
      <pubDate>Mon, 01 Jan 0001 00:00:00 +0000</pubDate>
      
      <guid>/ricerca/</guid>
      <description>Interessi di ricerca  Probabilità: random sums, passeggiate aleatorie e principi delle grandi deviazioni, processi di Lévy e distribuzioni infinitamente divisibili. Serie storiche: analisi nel dominio dello spettro. Statistica bayesiana non-parametrica: risultati asintotici.   Pubblicazioni  Donatelli, Marco; Luati, Alessandra; Martinelli, Andrea. Spectral filtering for trend estimation, Atti SIS. Casini, Emanuele; Le Caër, Gérard; Martinelli, Andrea. Short hyperuniform random walks. J. Stat. Phys. 160 (2015), no. 1, 254–273.</description>
    </item>
    
    <item>
      <title>Risorse utili</title>
      <link>/risorse/</link>
      <pubDate>Mon, 01 Jan 0001 00:00:00 +0000</pubDate>
      
      <guid>/risorse/</guid>
      <description>Risorse per ricerche bibliografiche Alcuni link utili per le ricerche bibliografiche (sono utilizzabili solo da reti di enti sottoscrittori):
 Mathscinet J-Stor Scopus Arxiv Google Scholar   Software statistici C’è una moltitudine di software statistici, quelli a cui si fa riferimento qui di seguito sono o gratuiti o prevedono almeno una distribuzione gratuita
 R-project: è un linguaggio/programma di analisi statistica. R è a linea di comando e nella distribuzione standard è prevista la console e un editor molto semplice.</description>
    </item>
    
    <item>
      <title>Statistica A</title>
      <link>/pagine_didattica/statistica_a_2015_2016/</link>
      <pubDate>Mon, 01 Jan 0001 00:00:00 +0000</pubDate>
      
      <guid>/pagine_didattica/statistica_a_2015_2016/</guid>
      <description>Programma
Modalità di esame
Orari lezioni
   Programma Informazioni generali sul corso Il corso si svolgerà ad anni alterni, quindi A.A. 2017-2018, 2019-2020, etc
 Breve introduzione al corso L’approccio bayesiano all’inferenza sta acquisendo sempre più importanza in vari ambiti della statistica. Il fine del corso è quello di introdurre l’approccio bayesiano ai problemi di inferenza statistica parametrica. Gli argomenti trattati nel corso sono argomenti standard per l’approccio bayesiano alla statistica, per questo motivo si trovano una moltitudine di testi che coprono l’intero programma del corso (e molto altro).</description>
    </item>
    
  </channel>
</rss>