<?xml version="1.0" encoding="utf-8" standalone="yes"?>
<rss version="2.0" xmlns:atom="http://www.w3.org/2005/Atom">
  <channel>
    <title>Andrea Martinelli website</title>
    <link>http://localhost:4321/</link>
    <description>Recent content on Andrea Martinelli website</description>
    <generator>Hugo</generator>
    <language>it</language>
    <lastBuildDate>Tue, 07 Jun 2022 00:00:00 +0000</lastBuildDate>
    <atom:link href="http://localhost:4321/index.xml" rel="self" type="application/rss+xml" />
    <item>
      <title>Toothlength R dataset analysis</title>
      <link>http://localhost:4321/blog/toothlength-r-dataset-analysis/</link>
      <pubDate>Tue, 07 Jun 2022 00:00:00 +0000</pubDate>
      <guid>http://localhost:4321/blog/toothlength-r-dataset-analysis/</guid>
      <description>&lt;script src=&#34;http://localhost:4321/blog/toothlength-r-dataset-analysis/index.en_files/kePrint/kePrint.js&#34;&gt;&lt;/script&gt;&#xA;&lt;link href=&#34;http://localhost:4321/blog/toothlength-r-dataset-analysis/index.en_files/lightable/lightable.css&#34; rel=&#34;stylesheet&#34; /&gt;&#xA;&lt;link href=&#34;http://localhost:4321/blog/toothlength-r-dataset-analysis/index.en_files/htmltools-fill/fill.css&#34; rel=&#34;stylesheet&#34; /&gt;&#xA;&lt;script src=&#34;http://localhost:4321/blog/toothlength-r-dataset-analysis/index.en_files/htmlwidgets/htmlwidgets.js&#34;&gt;&lt;/script&gt;&#xA;&lt;script src=&#34;http://localhost:4321/blog/toothlength-r-dataset-analysis/index.en_files/plotly-binding/plotly.js&#34;&gt;&lt;/script&gt;&#xA;&lt;script src=&#34;http://localhost:4321/blog/toothlength-r-dataset-analysis/index.en_files/typedarray/typedarray.min.js&#34;&gt;&lt;/script&gt;&#xA;&lt;script src=&#34;http://localhost:4321/blog/toothlength-r-dataset-analysis/index.en_files/jquery/jquery.min.js&#34;&gt;&lt;/script&gt;&#xA;&lt;link href=&#34;http://localhost:4321/blog/toothlength-r-dataset-analysis/index.en_files/crosstalk/css/crosstalk.min.css&#34; rel=&#34;stylesheet&#34; /&gt;&#xA;&lt;script src=&#34;http://localhost:4321/blog/toothlength-r-dataset-analysis/index.en_files/crosstalk/js/crosstalk.min.js&#34;&gt;&lt;/script&gt;&#xA;&lt;link href=&#34;http://localhost:4321/blog/toothlength-r-dataset-analysis/index.en_files/plotly-htmlwidgets-css/plotly-htmlwidgets.css&#34; rel=&#34;stylesheet&#34; /&gt;&#xA;&lt;script src=&#34;http://localhost:4321/blog/toothlength-r-dataset-analysis/index.en_files/plotly-main/plotly-latest.min.js&#34;&gt;&lt;/script&gt;&#xA;&lt;script src=&#34;http://localhost:4321/blog/toothlength-r-dataset-analysis/index.en_files/kePrint/kePrint.js&#34;&gt;&lt;/script&gt;&#xA;&lt;link href=&#34;http://localhost:4321/blog/toothlength-r-dataset-analysis/index.en_files/lightable/lightable.css&#34; rel=&#34;stylesheet&#34; /&gt;&#xA;&lt;link href=&#34;http://localhost:4321/blog/toothlength-r-dataset-analysis/index.en_files/htmltools-fill/fill.css&#34; rel=&#34;stylesheet&#34; /&gt;&#xA;&lt;script src=&#34;http://localhost:4321/blog/toothlength-r-dataset-analysis/index.en_files/htmlwidgets/htmlwidgets.js&#34;&gt;&lt;/script&gt;&#xA;&lt;script src=&#34;http://localhost:4321/blog/toothlength-r-dataset-analysis/index.en_files/plotly-binding/plotly.js&#34;&gt;&lt;/script&gt;&#xA;&lt;script src=&#34;http://localhost:4321/blog/toothlength-r-dataset-analysis/index.en_files/typedarray/typedarray.min.js&#34;&gt;&lt;/script&gt;&#xA;&lt;script src=&#34;http://localhost:4321/blog/toothlength-r-dataset-analysis/index.en_files/jquery/jquery.min.js&#34;&gt;&lt;/script&gt;&#xA;&lt;link href=&#34;http://localhost:4321/blog/toothlength-r-dataset-analysis/index.en_files/crosstalk/css/crosstalk.min.css&#34; rel=&#34;stylesheet&#34; /&gt;&#xA;&lt;script src=&#34;http://localhost:4321/blog/toothlength-r-dataset-analysis/index.en_files/crosstalk/js/crosstalk.min.js&#34;&gt;&lt;/script&gt;&#xA;&lt;link href=&#34;http://localhost:4321/blog/toothlength-r-dataset-analysis/index.en_files/plotly-htmlwidgets-css/plotly-htmlwidgets.css&#34; rel=&#34;stylesheet&#34; /&gt;&#xA;&lt;script src=&#34;http://localhost:4321/blog/toothlength-r-dataset-analysis/index.en_files/plotly-main/plotly-latest.min.js&#34;&gt;&lt;/script&gt;&#xA;&lt;h1 id=&#34;dataset&#34;&gt;Dataset&lt;/h1&gt;&#xA;&lt;p&gt;This is a classic R dataset and it concerns the vitamin C effect on tooth growth in Guinea pigs: there are sixty pigs and each one received one dose of vitamin C with three dosages (0.5, 1, and 2 mg/day) and each dosage can be delivered in two ways: by orange juice or by ascorbic acid (a form of vitamin C and coded as VC).&lt;/p&gt;</description>
    </item>
    <item>
      <title>Hello R Markdown</title>
      <link>http://localhost:4321/blog/hello-r-markdown/</link>
      <pubDate>Wed, 02 Dec 2020 00:00:00 +0000</pubDate>
      <guid>http://localhost:4321/blog/hello-r-markdown/</guid>
      <description>&lt;h1 id=&#34;r-markdown&#34;&gt;R Markdown&lt;/h1&gt;&#xA;&lt;p&gt;This  is an R Markdown document. Markdown is a simple formatting syntax for authoring HTML, PDF, and MS Word documents. For more details on using R Markdown see &lt;a href=&#34;http://rmarkdown.rstudio.com&#34;&gt;http://rmarkdown.rstudio.com&lt;/a&gt;.&lt;/p&gt;&#xA;&lt;p&gt;You can embed an R code chunk like this:&lt;/p&gt;&#xA;&lt;pre&gt;&lt;code class=&#34;language-r&#34;&gt;summary(cars)&#xA;##      speed           dist       &#xA;##  Min.   : 4.0   Min.   :  2.00  &#xA;##  1st Qu.:12.0   1st Qu.: 26.00  &#xA;##  Median :15.0   Median : 36.00  &#xA;##  Mean   :15.4   Mean   : 42.98  &#xA;##  3rd Qu.:19.0   3rd Qu.: 56.00  &#xA;##  Max.   :25.0   Max.   :120.00&#xA;fit &amp;lt;- lm(dist ~ speed, data = cars)&#xA;fit&#xA;## &#xA;## Call:&#xA;## lm(formula = dist ~ speed, data = cars)&#xA;## &#xA;## Coefficients:&#xA;## (Intercept)        speed  &#xA;##     -17.579        3.932&#xA;&lt;/code&gt;&lt;/pre&gt;&#xA;&lt;h1 id=&#34;including-plots&#34;&gt;Including Plots&lt;/h1&gt;&#xA;&lt;p&gt;You can also embed plots. See Figure &lt;a href=&#34;#fig:pie&#34;&gt;1&lt;/a&gt; for example:&lt;/p&gt;</description>
    </item>
    <item>
      <title>Contatti</title>
      <link>http://localhost:4321/contact/</link>
      <pubDate>Mon, 01 Jan 0001 00:00:00 +0000</pubDate>
      <guid>http://localhost:4321/contact/</guid>
      <description>&lt;h1 id=&#34;contatto-diretto&#34;&gt;Contatto diretto&lt;/h1&gt;&#xA;&lt;p&gt;Per contattarmi potete clickare sul pulsante in alto a destra con il simbolo della posta oppure scrivermi a questo indirizzo: &lt;a href=&#34;mailto:andrea.martinelli@uninsubria.it&#34;&gt;&lt;a href=&#34;mailto:andrea.martinelli@uninsubria.it&#34;&gt;andrea.martinelli@uninsubria.it&lt;/a&gt;&lt;/a&gt;.&lt;/p&gt;</description>
    </item>
    <item>
      <title>Didattica</title>
      <link>http://localhost:4321/didattica/</link>
      <pubDate>Mon, 01 Jan 0001 00:00:00 +0000</pubDate>
      <guid>http://localhost:4321/didattica/</guid>
      <description>&lt;h2 id=&#34;corsi-attivi&#34;&gt;Corsi attivi&lt;/h2&gt;&#xA;&lt;ul&gt;&#xA;&lt;li&gt;&lt;a href=&#34;http://localhost:4321/pagine_didattica/statistics_2023_2024/index.html&#34;&gt;Statistics (A.A. 2023-2024)&lt;/a&gt;&lt;/li&gt;&#xA;&lt;li&gt;&lt;a href=&#34;http://localhost:4321/pagine_didattica/statistics_2024_2025/index.html&#34;&gt;Statistics (A.A. 2024-2025)&lt;/a&gt;&lt;/li&gt;&#xA;&lt;li&gt;&lt;a href=&#34;http://localhost:4321/pagine_didattica/probabilita_2021_2022/index.html&#34;&gt;Probabilità e statistica (A.A. 2021-2022)&lt;/a&gt;&lt;/li&gt;&#xA;&lt;li&gt;&lt;a href=&#34;http://localhost:4321/pagine_didattica/statistica_b_2020_2021/index.html&#34;&gt;Statistica B (A.A. 2020-2021)&lt;/a&gt;&lt;/li&gt;&#xA;&lt;/ul&gt;&#xA;&lt;h2 id=&#34;corsi-dei-precedenti-aa&#34;&gt;Corsi dei precedenti a.a.&lt;/h2&gt;&#xA;&lt;p&gt;I corsi dei precedenti anni accademici sono:&lt;/p&gt;&#xA;&lt;ul&gt;&#xA;&lt;li&gt;Statistica I - F49030&lt;/li&gt;&#xA;&lt;li&gt;Statistica II - F49038&lt;/li&gt;&#xA;&lt;li&gt;Economia Matematica II - F49029&lt;/li&gt;&#xA;&lt;li&gt;Statistica e Finanza (Statistica e Applicazioni) A.A. 2012-2013&lt;/li&gt;&#xA;&lt;li&gt;Statistica A (2013-2014)&lt;/li&gt;&#xA;&lt;/ul&gt;&#xA;&lt;h2 id=&#34;argomenti-tesi&#34;&gt;Argomenti tesi&lt;/h2&gt;&#xA;&lt;blockquote&gt;&#xA;&lt;p&gt;Per informazioni su possibili argomenti di tesi si contatti il docente.&lt;/p&gt;&#xA;&lt;/blockquote&gt;</description>
    </item>
    <item>
      <title>Probabilità e statistica</title>
      <link>http://localhost:4321/pagine_didattica/probabilita_2021_2022/</link>
      <pubDate>Mon, 01 Jan 0001 00:00:00 +0000</pubDate>
      <guid>http://localhost:4321/pagine_didattica/probabilita_2021_2022/</guid>
      <description>&lt;h2 id=&#34;inizio&#34;&gt;&lt;/h2&gt;&#xA;&lt;!-- :::{.infobox .caution data-latex=&#34;{caution}&#34;} --&gt;&#xA;&lt;!-- **Modalità di esame straordinarie per emergenza COVID**   --&gt;&#xA;&lt;!-- Come dovreste sapere per via dell&#39;emergenza il Rettore ha ritenuto opportuno mantenere le modalità di esame online sino a febbraio 2021. L&#39;Ateneo ha specificato le linee guida per lo svolgimento di tali esami online. --&gt;&#xA;&lt;!-- In questa [pagina](/pagine_didattica/modalita_esame_covid/index.html) potete trovare un estratto delle linee guida per quanto riguarda le modalità di esame del corso di statistica. --&gt;&#xA;&lt;!-- ::: --&gt;&#xA;&lt;p&gt;&lt;a href=&#34;#programma&#34;&gt;&lt;font size=&#34;4&#34;&gt;Programma&lt;/font&gt;&lt;/a&gt;&lt;/p&gt;</description>
    </item>
    <item>
      <title>Ricerca</title>
      <link>http://localhost:4321/ricerca/</link>
      <pubDate>Mon, 01 Jan 0001 00:00:00 +0000</pubDate>
      <guid>http://localhost:4321/ricerca/</guid>
      <description>&lt;h2 id=&#34;interessi-di-ricerca&#34;&gt;Interessi di ricerca&lt;/h2&gt;&#xA;&lt;h3 id=&#34;statistica&#34;&gt;Statistica&lt;/h3&gt;&#xA;&lt;ul&gt;&#xA;&lt;li&gt;Statistica bayesiana non-parametrica: risultati asintotici&lt;/li&gt;&#xA;&lt;li&gt;Serie storiche: analisi nel dominio dello spettro&lt;/li&gt;&#xA;&lt;li&gt;Modelli lineari spaziali: risultati asintotici e applicazioni&lt;/li&gt;&#xA;&lt;/ul&gt;&#xA;&lt;h3 id=&#34;statistica-applicata&#34;&gt;Statistica applicata&lt;/h3&gt;&#xA;&lt;p&gt;Modelli statistici applicati a&lt;/p&gt;&#xA;&lt;ul&gt;&#xA;&lt;li&gt;studi clinici&lt;/li&gt;&#xA;&lt;li&gt;veterinaria&lt;/li&gt;&#xA;&lt;li&gt;conservazione beni culturali&lt;/li&gt;&#xA;&lt;/ul&gt;&#xA;&lt;h3 id=&#34;probabilità&#34;&gt;Probabilità&lt;/h3&gt;&#xA;&lt;ul&gt;&#xA;&lt;li&gt;random sums, passeggiate aleatorie e principi delle grandi deviazioni&lt;/li&gt;&#xA;&lt;li&gt;processi di Lévy e distribuzioni infinitamente divisibili&lt;/li&gt;&#xA;&lt;li&gt;Distribuzioni sferiche, simmetriche e applicazioni.&lt;/li&gt;&#xA;&lt;/ul&gt;&#xA;&lt;h2 id=&#34;lavori&#34;&gt;Lavori&lt;/h2&gt;&#xA;&lt;h3 id=&#34;pubblicati&#34;&gt;Pubblicati&lt;/h3&gt;&#xA;&lt;ul&gt;&#xA;&lt;li&gt;Donatelli, Marco; Luati, Alessandra; Martinelli, Andrea. Spectral filtering for trend estimation, Atti SIS.&lt;/li&gt;&#xA;&lt;li&gt;Casini, Emanuele; Le Caër, Gérard; Martinelli, Andrea. Short hyperuniform random walks. J. Stat. Phys. 160 (2015), no. 1, 254&amp;ndash;273.&lt;/li&gt;&#xA;&lt;li&gt;Carbone, Raffaella; Martinelli, Andrea. Logarithmic Sobolev inequalities in non-commutative algebras. Infin. Dimens. Anal. Quantum Probab. Relat. Top. 18 (2015), no. 2, 1550011, 30 pp.&lt;/li&gt;&#xA;&lt;li&gt;Donatelli, Marco; Luati, Alessandra; Martinelli, Andrea. Spectral filtering for trend estimation. Linear Algebra Appl. 473 (2015), 217&amp;ndash;235.&lt;/li&gt;&#xA;&lt;li&gt;Casini, Emanuele; Martinelli, Andrea. Characterization and stability of light statistics distributions. J. Math. Anal. Appl. 399 (2013), no. 2, 608&amp;ndash;616.&lt;/li&gt;&#xA;&lt;li&gt;Martinelli, Andrea; Ruggiero, Matteo; Walker, Stephen G. A note on convergence rates for posterior distributions via large deviations techniques. Statist. Papers 51 (2010), no. 2, 337&amp;ndash;347.&lt;/li&gt;&#xA;&lt;li&gt;Donatelli, M.; Estatico, C.; Martinelli, A.; Serra-Capizzano, S. Improved image deblurring with anti-reflective boundary conditions and re-blurring. Inverse Problems 22 (2006), no. 6, 2035&amp;ndash;2053.&lt;/li&gt;&#xA;&lt;li&gt;Buccini, de la Cruz Cabrera, Donatelli, Reichel. &amp;ldquo;Large-Scale Regression with Non-Convex Loss and Penalty Computational Statistics and Data Analysis&amp;rdquo;&lt;/li&gt;&#xA;&lt;li&gt;Flor, N. &amp;ldquo;CT Colonography Evaluation of the Relationship between Colon Anatomy and Diverticula&amp;rdquo;&lt;/li&gt;&#xA;&lt;li&gt;Leorato, S. &amp;ldquo;Matrix Spatial Specification models&amp;rdquo;, accepted&lt;/li&gt;&#xA;&lt;/ul&gt;&#xA;&lt;h3 id=&#34;working-papers&#34;&gt;Working papers&lt;/h3&gt;&#xA;&lt;ul&gt;&#xA;&lt;li&gt;Casini, E. &amp;ldquo;Independence characterization and &lt;code&gt;\(L_1\)&lt;/code&gt; spherical distributions&amp;rdquo;&lt;/li&gt;&#xA;&lt;li&gt;Martinelli, A. &amp;ldquo;A new stick breaking prior&amp;rdquo;&lt;/li&gt;&#xA;&lt;/ul&gt;&#xA;&lt;h2 id=&#34;partecipazione-a-programmi-e-convegni&#34;&gt;Partecipazione a programmi e convegni&lt;/h2&gt;&#xA;&lt;h3 id=&#34;programmi&#34;&gt;Programmi&lt;/h3&gt;&#xA;&lt;ul&gt;&#xA;&lt;li&gt;Invitato al programma “Bayesian Nonparametric Regression: Theory, Methods and Applications”, Isaac Newton Institute, Cambridge, UK (5 agosto 2007 – 24 agosto 2007).&lt;/li&gt;&#xA;&lt;li&gt;Invitato al “Mathematical Imaging and Digital Media program”, National University of Singapore, Singapore (26 maggio 2008 – 20 giugno 2008)&lt;/li&gt;&#xA;&lt;/ul&gt;&#xA;&lt;h3 id=&#34;convegni-e-workshop&#34;&gt;Convegni e workshop&lt;/h3&gt;&#xA;&lt;ul&gt;&#xA;&lt;li&gt;“Construction and properties of bayesian non parametric regression models” (6 - 10/08/2007).&lt;/li&gt;&#xA;&lt;li&gt;“7th Workshop on Bayesian Nonparametrics”, 7th Workshop on Bayesian Nonparametrics, Moncalieri (TO), Italy (21 - 25 giugno 2009).&lt;/li&gt;&#xA;&lt;li&gt;“Carlo Alberto Stochastics Workshop”, Moncalieri (TO), Italy (11 giugno 2010).&lt;/li&gt;&#xA;&lt;li&gt;46TH Scientific Meeting of the Italian Statistical Society, June 20-22, 2012. Rome&lt;/li&gt;&#xA;&lt;li&gt;“The impact of statistical Thinking in economics and life sciences”, Università Bocconi, Milano, 13-15 settembre 2012&#xA;“ERCIM conference”, Oviedo (ES), 1-3 December 2012&lt;/li&gt;&#xA;&lt;li&gt;&amp;ldquo;ISBA World Meeting&amp;rdquo;, Edinburgh, UK, June 24-29, 2018&lt;/li&gt;&#xA;&lt;li&gt;&amp;ldquo;12th International Conference on Bayesian Nonparametrics&amp;rdquo;, Oxford, UK, June 24-28, 2019&lt;/li&gt;&#xA;&lt;/ul&gt;</description>
    </item>
    <item>
      <title>Risorse utili</title>
      <link>http://localhost:4321/risorse/</link>
      <pubDate>Mon, 01 Jan 0001 00:00:00 +0000</pubDate>
      <guid>http://localhost:4321/risorse/</guid>
      <description>&lt;h2 id=&#34;risorse-per-ricerche-bibliografiche&#34;&gt;Risorse per ricerche bibliografiche&lt;/h2&gt;&#xA;&lt;p&gt;Alcuni link utili per le ricerche bibliografiche (sono utilizzabili solo da reti di enti sottoscrittori):&lt;/p&gt;&#xA;&lt;ul&gt;&#xA;&lt;li&gt;&lt;a href=&#34;http://www.ams.org/mathscinet/search.html&#34;&gt;Mathscinet&lt;/a&gt;&lt;/li&gt;&#xA;&lt;li&gt;&lt;a href=&#34;http://www.jstor.org/action/showAdvancedSearch&#34;&gt;J-Stor&lt;/a&gt;&lt;/li&gt;&#xA;&lt;li&gt;&lt;a href=&#34;http://www.scopus.com/home.url&#34;&gt;Scopus&lt;/a&gt;&lt;/li&gt;&#xA;&lt;li&gt;&lt;a href=&#34;http://arxiv.org/&#34;&gt;Arxiv&lt;/a&gt;&lt;/li&gt;&#xA;&lt;li&gt;&lt;a href=&#34;http://scholar.google.it/&#34;&gt;Google Scholar&lt;/a&gt;&lt;/li&gt;&#xA;&lt;/ul&gt;&#xA;&lt;h2 id=&#34;software-statistici&#34;&gt;Software statistici&lt;/h2&gt;&#xA;&lt;p&gt;C’è una moltitudine di software statistici, quelli a cui si fa riferimento qui di seguito sono o gratuiti o prevedono almeno una distribuzione gratuita&lt;/p&gt;&#xA;&lt;ul&gt;&#xA;&lt;li&gt;&lt;a href=&#34;https://www.r-project.org/&#34;&gt;R-project&lt;/a&gt;: è un linguaggio/programma di analisi statistica. R è a linea di comando e nella distribuzione standard è prevista la console e un editor molto semplice. Sono utili&#xA;&lt;ul&gt;&#xA;&lt;li&gt;&lt;a href=&#34;http://cran.r-project.org/manuals.html&#34;&gt;Manuali&lt;/a&gt;: in questa pagina si possono trovare manuali che vanno dall’introduzione a R fino alla scrittura di pacchetti.&lt;/li&gt;&#xA;&lt;li&gt;&lt;a href=&#34;https://www.rstudio.com/&#34;&gt;R-Studio&lt;/a&gt;: è un editor evoluto per R (IDE). Con R-studio è possibile avere simultaneamente editor, console e finestra grafica in un’unica pagina.&lt;/li&gt;&#xA;&lt;/ul&gt;&#xA;&lt;/li&gt;&#xA;&lt;li&gt;&lt;a href=&#34;http://www.sas.com/it_it/home.html&#34;&gt;SAS&lt;/a&gt;: è un software statistico commerciale che mette a disposizione gli strumenti statistici più moderni in appositi pacchetti. Oltre al prodotto commerciale da qualche tempo SAS ha messo a disposizione, mediante il programma &lt;a href=&#34;http://www.sas.com/it_it/academic/&#34;&gt;SAS academic&lt;/a&gt;, una distribuzione gratuita per l’Università comprendente i pacchetti base di SAS e perfettamente funzionante in modo autonomo. Da questa &lt;a href=&#34;http://www.sas.com/it_it/academic/index.html#software--e-learning-e-community&#34;&gt;pagina&lt;/a&gt; è possibile scaricare SAS University Edition e una ricca documentazione.&lt;/li&gt;&#xA;&lt;/ul&gt;&#xA;&lt;h2 id=&#34;scrivere-con-latex&#34;&gt;Scrivere con LaTeX&lt;/h2&gt;&#xA;&lt;p&gt;I seguenti link contengono svariate informazioni circa Latex e le sue distribuzioni:&lt;/p&gt;</description>
    </item>
    <item>
      <title>Statistica B</title>
      <link>http://localhost:4321/pagine_didattica/statistica_b_2020_2021/</link>
      <pubDate>Mon, 01 Jan 0001 00:00:00 +0000</pubDate>
      <guid>http://localhost:4321/pagine_didattica/statistica_b_2020_2021/</guid>
      <description>&lt;h2 id=&#34;inizio&#34;&gt;&lt;/h2&gt;&#xA;&lt;p&gt;&lt;a href=&#34;#programma&#34;&gt;&lt;font size=&#34;4&#34;&gt;Programma&lt;/font&gt;&lt;/a&gt;&lt;/p&gt;&#xA;&lt;p&gt;&lt;a href=&#34;#biblio&#34;&gt;&lt;font size=&#34;4&#34;&gt;Bibliografia&lt;/font&gt;&lt;/a&gt;&lt;/p&gt;&#xA;&lt;p&gt;&lt;a href=&#34;#esami&#34;&gt;&lt;font size=&#34;4&#34;&gt;Modalità di esame&lt;/font&gt;&lt;/a&gt;&lt;/p&gt;&#xA;&lt;h2 id=&#34;programma&#34;&gt;Programma&lt;/h2&gt;&#xA;&lt;h3 id=&#34;breve-introduzione-al-corso&#34;&gt;Breve introduzione al corso&lt;/h3&gt;&#xA;&lt;p&gt;Il corso prevede di coprire i seguenti argomenti:&lt;/p&gt;&#xA;&lt;ol&gt;&#xA;&lt;li&gt;Richiami e integrazioni di teoria della probabilità;&lt;/li&gt;&#xA;&lt;li&gt;Definizione di modello statistico;&lt;/li&gt;&#xA;&lt;li&gt;Statistiche e teoria della stima puntuale;&lt;/li&gt;&#xA;&lt;li&gt;Stima per intervalli;&lt;/li&gt;&#xA;&lt;li&gt;Verifica di ipotesi con approccio di Neyman/Pearson e con test di significatività&lt;/li&gt;&#xA;&lt;li&gt;Modelli lineari&lt;/li&gt;&#xA;&lt;li&gt;Introduzione a problemi non parametrici&lt;/li&gt;&#xA;&lt;/ol&gt;&#xA;&lt;p&gt;&lt;a href=#inizio class=&#34;fas fa-arrow-circle-up&#34;&gt;&lt;/a&gt;&lt;/p&gt;&#xA;&lt;h3 id=&#34;biblio&#34;&gt;Testi di consigliati&lt;/h3&gt;&#xA;&lt;ol&gt;&#xA;&lt;li&gt;Cicchitelli, G. Statistica: principi e metodi. 2/Ed. Pearson, 2012&lt;/li&gt;&#xA;&lt;li&gt;Mood, Graybill e Boes. Introduzione alla Statistica. McGraw Hill, 1991}&lt;/li&gt;&#xA;&lt;li&gt;Wasserman, L. All of Statistics: A Concise Course in Statistical Inference. Springer, 2004&lt;/li&gt;&#xA;&lt;/ol&gt;&#xA;&lt;/p&gt;</description>
    </item>
    <item>
      <title>Statistics (2023-2024)</title>
      <link>http://localhost:4321/pagine_didattica/statistics_2023_2024/</link>
      <pubDate>Mon, 01 Jan 0001 00:00:00 +0000</pubDate>
      <guid>http://localhost:4321/pagine_didattica/statistics_2023_2024/</guid>
      <description>&lt;h2 id=&#34;inizio&#34;&gt;&lt;/h2&gt;&#xA;&lt;p&gt;&lt;a href=&#34;#programma&#34;&gt;&lt;font size=&#34;4&#34;&gt;Programma&lt;/font&gt;&lt;/a&gt;&lt;/p&gt;&#xA;&lt;p&gt;&lt;a href=&#34;#esami&#34;&gt;&lt;font size=&#34;4&#34;&gt;Modalità di esame&lt;/font&gt;&lt;/a&gt;&lt;/p&gt;&#xA;&lt;h2 id=&#34;programma&#34;&gt;Programma&lt;/h2&gt;&#xA;&lt;h3 id=&#34;breve-introduzione-al-corso&#34;&gt;Breve introduzione al corso&lt;/h3&gt;&#xA;&lt;p&gt;L’approccio bayesiano all’inferenza sta acquisendo sempre più importanza in vari ambiti della statistica. Il fine del corso è quello di introdurre l’approccio bayesiano ai problemi di inferenza statistica parametrica. Gli argomenti trattati nel corso sono argomenti standard per l’approccio bayesiano alla statistica, per questo motivo si trovano una moltitudine di testi che coprono l’intero programma del corso (e molto altro). Nel corso verranno trattati argomenti che si possono trovare su più testi, tra questi quelli che meglio si adattano al programma ed all’approccio del corso sono il libro di Hoff (2009) e quello di Kruschke (2010), per quanto riguarda la parte modellistica e applicata dell’analisi statistica, mentre per quella teorica si farà riferimento a Ghosh et al. Oltre a questi testi, per eventuali approfondimenti sono molto interessanti il Bernardo and Smith (1994), che analizza in modo abbastanza rigoroso l’approccio inferenziale bayesiano e Gelman et al. (2004) per una introduzione all’analisi dei dati bayesiana. Per una trattazione rigorosa, generale e più approfondita dal punto di vista della statistica matematica, non solo bayesiana, vi è lo Schervish (1995), è però necessario osservare che questo testo richiede una buona conoscenza della teoria della misura e dell’integrazione astratta. Quest’ultimo libro è molto utile per ulteriori approfondimenti. I testi di 4. e 5. a cui si farà spesso riferimento durante il corso fanno ampio uso del software statistico (gratuito) R, per questo motivo si suggerisce di installarlo per far girare i listati presenti nei testi. I link per ottenere il software si possono trovare in Risorse utili.&#xA;Prerequisiti&lt;/p&gt;</description>
    </item>
    <item>
      <title>Statistics (2024-2025)</title>
      <link>http://localhost:4321/pagine_didattica/statistics_2024_2025/</link>
      <pubDate>Mon, 01 Jan 0001 00:00:00 +0000</pubDate>
      <guid>http://localhost:4321/pagine_didattica/statistics_2024_2025/</guid>
      <description>&lt;h2 id=&#34;inizio&#34;&gt;&lt;/h2&gt;&#xA;&lt;p&gt;&lt;a href=&#34;#programma&#34;&gt;&lt;font size=&#34;4&#34;&gt;Programma&lt;/font&gt;&lt;/a&gt;&lt;/p&gt;&#xA;&lt;p&gt;&lt;a href=&#34;#biblio&#34;&gt;&lt;font size=&#34;4&#34;&gt;Bibliografia&lt;/font&gt;&lt;/a&gt;&lt;/p&gt;&#xA;&lt;p&gt;&lt;a href=&#34;#esami&#34;&gt;&lt;font size=&#34;4&#34;&gt;Modalità di esame&lt;/font&gt;&lt;/a&gt;&lt;/p&gt;&#xA;&lt;p&gt;&lt;a href=&#34;#lezioni&#34;&gt;&lt;font size=&#34;4&#34;&gt;Orari lezioni&lt;/font&gt;&lt;/a&gt;&lt;/p&gt;&#xA;&lt;h2 id=&#34;programma&#34;&gt;Programma esteso&lt;/h2&gt;&#xA;&lt;p&gt;Il corso prevede di coprire i seguenti argomenti:&lt;/p&gt;&#xA;&lt;ol&gt;&#xA;&lt;li&gt;Richiami e complementi di probabilità&#xA;&lt;ul&gt;&#xA;&lt;li&gt;Particolari famiglie di distribuzioni di probabilità univariate;&lt;/li&gt;&#xA;&lt;li&gt;Richiami su vettori aleatori: distribuzioni, momenti e funzioni generatrici dei momenti;&lt;/li&gt;&#xA;&lt;li&gt;Particolari famiglie di distribuzioni di probabilità multivariate, in particolare distribuzione gaussiana multivariata;&lt;/li&gt;&#xA;&lt;li&gt;Distribuzioni di trasformazioni di variabili e vettori aleatori.&lt;/li&gt;&#xA;&lt;/ul&gt;&#xA;&lt;/li&gt;&#xA;&lt;li&gt;I modelli statistici&#xA;&lt;ul&gt;&#xA;&lt;li&gt;I campioni e i metodi di campionamento;&lt;/li&gt;&#xA;&lt;li&gt;Le statistiche: definizione, la media campionaria, le statistiche d’ordine.’&lt;/li&gt;&#xA;&lt;li&gt;Esempi&lt;/li&gt;&#xA;&lt;/ul&gt;&#xA;&lt;/li&gt;&#xA;&lt;li&gt;La stima puntuale&#xA;&lt;ul&gt;&#xA;&lt;li&gt;Il problema della stima puntuale e la definizione di stimatore puntuale;&lt;/li&gt;&#xA;&lt;li&gt;Alcuni metodi di ricerca degli stimatori: il metodo dei momenti e la massima verosimiglianza;&lt;/li&gt;&#xA;&lt;li&gt;Proprietà degli stimatori puntuali su campioni finiti: errore quadratico medio, non distorsione e “vicinanza”;&lt;/li&gt;&#xA;&lt;li&gt;Proprietà asintotiche degli stimatori puntuali: consistenza e asintotica normalità;&lt;/li&gt;&#xA;&lt;li&gt;Gli stimatori non distorti nel caso uniparametrico: la minimizzazione della varianza e il suo limite inferiore;&lt;/li&gt;&#xA;&lt;li&gt;Generalizzazioni al caso multiparametrico.&lt;/li&gt;&#xA;&lt;li&gt;Esempi&lt;/li&gt;&#xA;&lt;/ul&gt;&#xA;&lt;/li&gt;&#xA;&lt;li&gt;La stima per intervalli&#xA;&lt;ul&gt;&#xA;&lt;li&gt;La stima con gli intervalli e gli insiemi di confidenza: definizioni&lt;/li&gt;&#xA;&lt;li&gt;Metodi di ricerca di insiemi di confidenza: la quantità pivotale e il metodo statistico&lt;/li&gt;&#xA;&lt;li&gt;Gli intervalli di confidenza nei modelli gaussiani&lt;/li&gt;&#xA;&lt;/ul&gt;&#xA;&lt;/li&gt;&#xA;&lt;li&gt;La verifica delle ipotesi in ambito parametrico&#xA;&lt;ul&gt;&#xA;&lt;li&gt;Definizione del problema di Neyman e Pearson: ipotesi nulla e alternativa, ipotesi semplici e composte. Esempi.&lt;/li&gt;&#xA;&lt;li&gt;Criteri di ottimalità nella teoria dei test di Neyman e Pearson: i test uniformementi più potenti.&lt;/li&gt;&#xA;&lt;/ul&gt;&#xA;&lt;/li&gt;&#xA;&lt;li&gt;La verifica delle ipotesi in ambito parametrico&#xA;&lt;ul&gt;&#xA;&lt;li&gt;Definizione del problema di Neyman e Pearson: ipotesi nulla e alternativa, ipotesi semplici e composte. Esempi.&lt;/li&gt;&#xA;&lt;li&gt;Criteri di ottimalità nella teoria dei test di Neyman e Pearson: i test uniformementi più potenti.&lt;/li&gt;&#xA;&lt;li&gt;Lemma di Neyman e Pearson;&lt;/li&gt;&#xA;&lt;li&gt;Test di ipotesi nei modelli gaussiani;&lt;/li&gt;&#xA;&lt;li&gt;Il test \Chi^2&lt;/li&gt;&#xA;&lt;/ul&gt;&#xA;&lt;/li&gt;&#xA;&lt;li&gt;I modelli lineari&#xA;&lt;ul&gt;&#xA;&lt;li&gt;Definizione di modello lineare con uno o più regressori;&lt;/li&gt;&#xA;&lt;li&gt;La stima puntuale dei parametri;&lt;/li&gt;&#xA;&lt;li&gt;La stima intervallare dei parametri;&lt;/li&gt;&#xA;&lt;li&gt;I test di ipotesi&lt;/li&gt;&#xA;&lt;/ul&gt;&#xA;&lt;/li&gt;&#xA;&lt;li&gt;Introduzione a problemi non parametrici&#xA;&lt;ul&gt;&#xA;&lt;li&gt;La stima puntuale della funzione di ripartizione e il teorema di Glivenko-Cantelli;&lt;/li&gt;&#xA;&lt;li&gt;Il test di Kolmogorov-Smirnov per il confronto di distribuzioni;&lt;/li&gt;&#xA;&lt;li&gt;Test per il confronto di due distribuzioni.&#xA;&lt;a href=#inizio class=&#34;fas fa-arrow-circle-up&#34;&gt;&lt;/a&gt;&lt;/li&gt;&#xA;&lt;/ul&gt;&#xA;&lt;/li&gt;&#xA;&lt;/ol&gt;&#xA;&lt;h3 id=&#34;biblio&#34;&gt;Testi di consigliati&lt;/h3&gt;&#xA;&lt;ol&gt;&#xA;&lt;li&gt;Cicchitelli, G. Statistica: principi e metodi. 2/Ed. Pearson, 2012&lt;/li&gt;&#xA;&lt;li&gt;Mood, Graybill e Boes, Introduzione alla Statistica. McGraw Hill, 1991&lt;/li&gt;&#xA;&lt;li&gt;Mark J. Schervish, Theory of statistics. Springer, 1995&lt;/li&gt;&#xA;&lt;li&gt;Barra, Jean René, Mathematical Basis of Statistics, Academic Press, 1981&lt;/li&gt;&#xA;&lt;/ol&gt;&#xA;&lt;/p&gt;</description>
    </item>
  </channel>
</rss>
