<?xml version="1.0" encoding="utf-8" standalone="yes"?>
<rss version="2.0" xmlns:atom="http://www.w3.org/2005/Atom">
  <channel>
    <title>Programming on Andrea Martinelli website</title>
    <link>http://localhost:4321/categories/programming/</link>
    <description>Recent content in Programming on Andrea Martinelli website</description>
    <generator>Hugo</generator>
    <language>it</language>
    <lastBuildDate>Sun, 01 Aug 2021 21:29:20 +0200</lastBuildDate>
    <atom:link href="http://localhost:4321/categories/programming/index.xml" rel="self" type="application/rss+xml" />
    <item>
      <title>Categories Post</title>
      <link>http://localhost:4321/blog/categories-post/</link>
      <pubDate>Sun, 01 Aug 2021 21:29:20 +0200</pubDate>
      <guid>http://localhost:4321/blog/categories-post/</guid>
      <description>&lt;p&gt;I&amp;rsquo;m a post with multiple categories in the frontmatter:&lt;/p&gt;&#xA;&lt;pre&gt;&lt;code&gt;categories = [&amp;quot;programming&amp;quot;,&amp;quot;lorem&amp;quot;,&amp;quot;pseudo&amp;quot;]&#xA;&lt;/code&gt;&lt;/pre&gt;&#xA;&lt;p&gt;Lorem ipsum dolor sit amet, consectetur adipiscing elit. In mauris nulla, vestibulum vel auctor sed, posuere eu lorem. Aliquam consequat augue ut accumsan mollis. Suspendisse malesuada sodales tincidunt. Vivamus sed erat ac augue bibendum porta sed id ipsum. Ut mollis mauris eget ligula sagittis cursus. Aliquam id pharetra tellus. Pellentesque sed tempus risus. Proin id hendrerit ante. Vestibulum vitae urna ut mauris ultricies dignissim. Ut ante turpis, tristique vitae sagittis quis, sagittis nec diam. Fusce pulvinar cursus porta. Vivamus maximus leo dolor, ut pellentesque lorem fringilla nec. Mauris faucibus turpis posuere sapien euismod, a ullamcorper mi maximus.&lt;/p&gt;</description>
    </item>
    <item>
      <title>Linked post</title>
      <link>http://localhost:4321/blog/linked-post/</link>
      <pubDate>Fri, 02 Oct 2015 21:49:20 +0200</pubDate>
      <guid>http://localhost:4321/blog/linked-post/</guid>
      <description>&lt;p&gt;I&amp;rsquo;m a linked post in the menu. You can add other posts by adding the following line to the frontmatter:&lt;/p&gt;&#xA;&lt;pre&gt;&lt;code&gt;menu = &amp;quot;main&amp;quot;&#xA;&lt;/code&gt;&lt;/pre&gt;&#xA;&lt;p&gt;Lorem ipsum dolor sit amet, consectetur adipiscing elit. In mauris nulla, vestibulum vel auctor sed, posuere eu lorem. Aliquam consequat augue ut accumsan mollis. Suspendisse malesuada sodales tincidunt. Vivamus sed erat ac augue bibendum porta sed id ipsum. Ut mollis mauris eget ligula sagittis cursus. Aliquam id pharetra tellus. Pellentesque sed tempus risus. Proin id hendrerit ante. Vestibulum vitae urna ut mauris ultricies dignissim. Ut ante turpis, tristique vitae sagittis quis, sagittis nec diam. Fusce pulvinar cursus porta. Vivamus maximus leo dolor, ut pellentesque lorem fringilla nec. Mauris faucibus turpis posuere sapien euismod, a ullamcorper mi maximus.&lt;/p&gt;</description>
    </item>
    <item>
      <title>Go is for lovers</title>
      <link>http://localhost:4321/blog/go-is-for-lovers/</link>
      <pubDate>Thu, 17 Sep 2015 13:47:08 +0200</pubDate>
      <guid>http://localhost:4321/blog/go-is-for-lovers/</guid>
      <description>&lt;p&gt;Hugo uses the excellent &lt;a href=&#34;http://golang.org/&#34;&gt;go&lt;/a&gt; &lt;a href=&#34;http://golang.org/pkg/html/template/&#34;&gt;html/template&lt;/a&gt; library for&#xA;its template engine. It is an extremely lightweight engine that provides a very&#xA;small amount of logic. In our experience that it is just the right amount of&#xA;logic to be able to create a good static website. If you have used other&#xA;template systems from different languages or frameworks you will find a lot of&#xA;similarities in go templates.&lt;/p&gt;&#xA;&lt;p&gt;This document is a brief primer on using go templates. The &lt;a href=&#34;http://golang.org/pkg/html/template/&#34;&gt;go docs&lt;/a&gt;&#xA;provide more details.&lt;/p&gt;</description>
    </item>
  </channel>
</rss>
