<?xml version="1.0" encoding="utf-8" standalone="yes"?>
<rss version="2.0" xmlns:atom="http://www.w3.org/2005/Atom">
  <channel>
    <title>Authors on Andrea Martinelli websit</title>
    <link>http://localhost:4321/hugo-universal-theme/authors/</link>
    <description>Recent content in Authors on Andrea Martinelli websit</description>
    <generator>Hugo</generator>
    <language>it</language>
    <lastBuildDate>Sun, 01 Aug 2021 21:29:20 +0200</lastBuildDate>
    <atom:link href="http://localhost:4321/hugo-universal-theme/authors/index.xml" rel="self" type="application/rss+xml" />
    <item>
      <title>John Doe</title>
      <link>http://localhost:4321/hugo-universal-theme/authors/john-doe/</link>
      <pubDate>Sun, 01 Aug 2021 21:29:20 +0200</pubDate>
      <guid>http://localhost:4321/hugo-universal-theme/authors/john-doe/</guid>
      <description></description>
    </item>
    <item>
      <title>Jane Doe</title>
      <link>http://localhost:4321/hugo-universal-theme/authors/jane-doe/</link>
      <pubDate>Fri, 02 Oct 2015 21:49:20 +0200</pubDate>
      <guid>http://localhost:4321/hugo-universal-theme/authors/jane-doe/</guid>
      <description></description>
    </item>
  </channel>
</rss>
