<?xml version="1.0" encoding="utf-8" standalone="yes"?>
<rss version="2.0" xmlns:atom="http://www.w3.org/2005/Atom">
  <channel>
    <title>Categories on Andrea Martinelli website</title>
    <link>/categories/</link>
    <description>Recent content in Categories on Andrea Martinelli website</description>
    <generator>Hugo -- gohugo.io</generator>
    <language>it</language>
    <lastBuildDate>Sat, 04 Apr 2020 00:00:00 +0000</lastBuildDate>
    
	<atom:link href="/categories/index.xml" rel="self" type="application/rss+xml" />
    
    
    <item>
      <title>Probability</title>
      <link>/categories/probability/</link>
      <pubDate>Sat, 04 Apr 2020 00:00:00 +0000</pubDate>
      
      <guid>/categories/probability/</guid>
      <description></description>
    </item>
    
    <item>
      <title>Didattica</title>
      <link>/categories/didattica/</link>
      <pubDate>Mon, 01 Jan 0001 00:00:00 +0000</pubDate>
      
      <guid>/categories/didattica/</guid>
      <description></description>
    </item>
    
  </channel>
</rss>