<?xml version="1.0" encoding="utf-8" standalone="yes"?>
<rss version="2.0" xmlns:atom="http://www.w3.org/2005/Atom">
  <channel>
    <title>Blogs on Andrea Martinelli website</title>
    <link>http://localhost:4321/blog/</link>
    <description>Recent content in Blogs on Andrea Martinelli website</description>
    <generator>Hugo</generator>
    <language>it</language>
    <lastBuildDate>Tue, 07 Jun 2022 00:00:00 +0000</lastBuildDate>
    <atom:link href="http://localhost:4321/blog/index.xml" rel="self" type="application/rss+xml" />
    <item>
      <title>Toothlength R dataset analysis</title>
      <link>http://localhost:4321/blog/toothlength-r-dataset-analysis/</link>
      <pubDate>Tue, 07 Jun 2022 00:00:00 +0000</pubDate>
      <guid>http://localhost:4321/blog/toothlength-r-dataset-analysis/</guid>
      <description>&lt;script src=&#34;http://localhost:4321/blog/toothlength-r-dataset-analysis/index.en_files/kePrint/kePrint.js&#34;&gt;&lt;/script&gt;&#xA;&lt;link href=&#34;http://localhost:4321/blog/toothlength-r-dataset-analysis/index.en_files/lightable/lightable.css&#34; rel=&#34;stylesheet&#34; /&gt;&#xA;&lt;link href=&#34;http://localhost:4321/blog/toothlength-r-dataset-analysis/index.en_files/htmltools-fill/fill.css&#34; rel=&#34;stylesheet&#34; /&gt;&#xA;&lt;script src=&#34;http://localhost:4321/blog/toothlength-r-dataset-analysis/index.en_files/htmlwidgets/htmlwidgets.js&#34;&gt;&lt;/script&gt;&#xA;&lt;script src=&#34;http://localhost:4321/blog/toothlength-r-dataset-analysis/index.en_files/plotly-binding/plotly.js&#34;&gt;&lt;/script&gt;&#xA;&lt;script src=&#34;http://localhost:4321/blog/toothlength-r-dataset-analysis/index.en_files/typedarray/typedarray.min.js&#34;&gt;&lt;/script&gt;&#xA;&lt;script src=&#34;http://localhost:4321/blog/toothlength-r-dataset-analysis/index.en_files/jquery/jquery.min.js&#34;&gt;&lt;/script&gt;&#xA;&lt;link href=&#34;http://localhost:4321/blog/toothlength-r-dataset-analysis/index.en_files/crosstalk/css/crosstalk.min.css&#34; rel=&#34;stylesheet&#34; /&gt;&#xA;&lt;script src=&#34;http://localhost:4321/blog/toothlength-r-dataset-analysis/index.en_files/crosstalk/js/crosstalk.min.js&#34;&gt;&lt;/script&gt;&#xA;&lt;link href=&#34;http://localhost:4321/blog/toothlength-r-dataset-analysis/index.en_files/plotly-htmlwidgets-css/plotly-htmlwidgets.css&#34; rel=&#34;stylesheet&#34; /&gt;&#xA;&lt;script src=&#34;http://localhost:4321/blog/toothlength-r-dataset-analysis/index.en_files/plotly-main/plotly-latest.min.js&#34;&gt;&lt;/script&gt;&#xA;&lt;script src=&#34;http://localhost:4321/blog/toothlength-r-dataset-analysis/index.en_files/kePrint/kePrint.js&#34;&gt;&lt;/script&gt;&#xA;&lt;link href=&#34;http://localhost:4321/blog/toothlength-r-dataset-analysis/index.en_files/lightable/lightable.css&#34; rel=&#34;stylesheet&#34; /&gt;&#xA;&lt;link href=&#34;http://localhost:4321/blog/toothlength-r-dataset-analysis/index.en_files/htmltools-fill/fill.css&#34; rel=&#34;stylesheet&#34; /&gt;&#xA;&lt;script src=&#34;http://localhost:4321/blog/toothlength-r-dataset-analysis/index.en_files/htmlwidgets/htmlwidgets.js&#34;&gt;&lt;/script&gt;&#xA;&lt;script src=&#34;http://localhost:4321/blog/toothlength-r-dataset-analysis/index.en_files/plotly-binding/plotly.js&#34;&gt;&lt;/script&gt;&#xA;&lt;script src=&#34;http://localhost:4321/blog/toothlength-r-dataset-analysis/index.en_files/typedarray/typedarray.min.js&#34;&gt;&lt;/script&gt;&#xA;&lt;script src=&#34;http://localhost:4321/blog/toothlength-r-dataset-analysis/index.en_files/jquery/jquery.min.js&#34;&gt;&lt;/script&gt;&#xA;&lt;link href=&#34;http://localhost:4321/blog/toothlength-r-dataset-analysis/index.en_files/crosstalk/css/crosstalk.min.css&#34; rel=&#34;stylesheet&#34; /&gt;&#xA;&lt;script src=&#34;http://localhost:4321/blog/toothlength-r-dataset-analysis/index.en_files/crosstalk/js/crosstalk.min.js&#34;&gt;&lt;/script&gt;&#xA;&lt;link href=&#34;http://localhost:4321/blog/toothlength-r-dataset-analysis/index.en_files/plotly-htmlwidgets-css/plotly-htmlwidgets.css&#34; rel=&#34;stylesheet&#34; /&gt;&#xA;&lt;script src=&#34;http://localhost:4321/blog/toothlength-r-dataset-analysis/index.en_files/plotly-main/plotly-latest.min.js&#34;&gt;&lt;/script&gt;&#xA;&lt;h1 id=&#34;dataset&#34;&gt;Dataset&lt;/h1&gt;&#xA;&lt;p&gt;This is a classic R dataset and it concerns the vitamin C effect on tooth growth in Guinea pigs: there are sixty pigs and each one received one dose of vitamin C with three dosages (0.5, 1, and 2 mg/day) and each dosage can be delivered in two ways: by orange juice or by ascorbic acid (a form of vitamin C and coded as VC).&lt;/p&gt;</description>
    </item>
    <item>
      <title>Hello R Markdown</title>
      <link>http://localhost:4321/blog/hello-r-markdown/</link>
      <pubDate>Wed, 02 Dec 2020 00:00:00 +0000</pubDate>
      <guid>http://localhost:4321/blog/hello-r-markdown/</guid>
      <description>&lt;h1 id=&#34;r-markdown&#34;&gt;R Markdown&lt;/h1&gt;&#xA;&lt;p&gt;This  is an R Markdown document. Markdown is a simple formatting syntax for authoring HTML, PDF, and MS Word documents. For more details on using R Markdown see &lt;a href=&#34;http://rmarkdown.rstudio.com&#34;&gt;http://rmarkdown.rstudio.com&lt;/a&gt;.&lt;/p&gt;&#xA;&lt;p&gt;You can embed an R code chunk like this:&lt;/p&gt;&#xA;&lt;pre&gt;&lt;code class=&#34;language-r&#34;&gt;summary(cars)&#xA;##      speed           dist       &#xA;##  Min.   : 4.0   Min.   :  2.00  &#xA;##  1st Qu.:12.0   1st Qu.: 26.00  &#xA;##  Median :15.0   Median : 36.00  &#xA;##  Mean   :15.4   Mean   : 42.98  &#xA;##  3rd Qu.:19.0   3rd Qu.: 56.00  &#xA;##  Max.   :25.0   Max.   :120.00&#xA;fit &amp;lt;- lm(dist ~ speed, data = cars)&#xA;fit&#xA;## &#xA;## Call:&#xA;## lm(formula = dist ~ speed, data = cars)&#xA;## &#xA;## Coefficients:&#xA;## (Intercept)        speed  &#xA;##     -17.579        3.932&#xA;&lt;/code&gt;&lt;/pre&gt;&#xA;&lt;h1 id=&#34;including-plots&#34;&gt;Including Plots&lt;/h1&gt;&#xA;&lt;p&gt;You can also embed plots. See Figure &lt;a href=&#34;#fig:pie&#34;&gt;1&lt;/a&gt; for example:&lt;/p&gt;</description>
    </item>
  </channel>
</rss>
