<?xml version="1.0" encoding="utf-8" standalone="yes"?>
<rss version="2.0" xmlns:atom="http://www.w3.org/2005/Atom">
  <channel>
    <title>Didattica on Andrea Martinelli website</title>
    <link>/tags/didattica/</link>
    <description>Recent content in Didattica on Andrea Martinelli website</description>
    <generator>Hugo -- gohugo.io</generator>
    <language>it</language>
    <lastBuildDate>Wed, 29 Apr 2020 00:00:00 +0000</lastBuildDate>
    
	<atom:link href="/tags/didattica/index.xml" rel="self" type="application/rss+xml" />
    
    
    <item>
      <title>Fate le vostre analisi</title>
      <link>/blog/2020/04/29/analisi_r/</link>
      <pubDate>Wed, 29 Apr 2020 00:00:00 +0000</pubDate>
      
      <guid>/blog/2020/04/29/analisi_r/</guid>
      <description>Cosa si fa oggi Oggi impariamo (velocemente) ad importare i dati e a fare dei grafici con R. Gli esempi che prendiamo in considerazione sono i dati che vanno di più negli ultimi mesi, cioé i dati su COVID 19. In particolare, ci concentriamo sui dati che sono divulgati dalla protezione civile.
Attenzione
In alto a destra nei riquadri con il codice c’è un’icona, cliccando sull’icona si copia tutto il codice del riquadro, che può essere inserito in R per farlo girare1 .</description>
    </item>
    
  </channel>
</rss>