<?xml version="1.0" encoding="utf-8" standalone="yes"?>
<rss version="2.0" xmlns:atom="http://www.w3.org/2005/Atom">
  <channel>
    <title>R on Andrea Martinelli website</title>
    <link>http://localhost:4321/tags/r/</link>
    <description>Recent content in R on Andrea Martinelli website</description>
    <generator>Hugo</generator>
    <language>it</language>
    <lastBuildDate>Tue, 07 Jun 2022 00:00:00 +0000</lastBuildDate>
    <atom:link href="http://localhost:4321/tags/r/index.xml" rel="self" type="application/rss+xml" />
    <item>
      <title>Toothlength R dataset analysis</title>
      <link>http://localhost:4321/blog/toothlength-r-dataset-analysis/</link>
      <pubDate>Tue, 07 Jun 2022 00:00:00 +0000</pubDate>
      <guid>http://localhost:4321/blog/toothlength-r-dataset-analysis/</guid>
      <description>&lt;script src=&#34;http://localhost:4321/blog/toothlength-r-dataset-analysis/index.en_files/kePrint/kePrint.js&#34;&gt;&lt;/script&gt;&#xA;&lt;link href=&#34;http://localhost:4321/blog/toothlength-r-dataset-analysis/index.en_files/lightable/lightable.css&#34; rel=&#34;stylesheet&#34; /&gt;&#xA;&lt;link href=&#34;http://localhost:4321/blog/toothlength-r-dataset-analysis/index.en_files/htmltools-fill/fill.css&#34; rel=&#34;stylesheet&#34; /&gt;&#xA;&lt;script src=&#34;http://localhost:4321/blog/toothlength-r-dataset-analysis/index.en_files/htmlwidgets/htmlwidgets.js&#34;&gt;&lt;/script&gt;&#xA;&lt;script src=&#34;http://localhost:4321/blog/toothlength-r-dataset-analysis/index.en_files/plotly-binding/plotly.js&#34;&gt;&lt;/script&gt;&#xA;&lt;script src=&#34;http://localhost:4321/blog/toothlength-r-dataset-analysis/index.en_files/typedarray/typedarray.min.js&#34;&gt;&lt;/script&gt;&#xA;&lt;script src=&#34;http://localhost:4321/blog/toothlength-r-dataset-analysis/index.en_files/jquery/jquery.min.js&#34;&gt;&lt;/script&gt;&#xA;&lt;link href=&#34;http://localhost:4321/blog/toothlength-r-dataset-analysis/index.en_files/crosstalk/css/crosstalk.min.css&#34; rel=&#34;stylesheet&#34; /&gt;&#xA;&lt;script src=&#34;http://localhost:4321/blog/toothlength-r-dataset-analysis/index.en_files/crosstalk/js/crosstalk.min.js&#34;&gt;&lt;/script&gt;&#xA;&lt;link href=&#34;http://localhost:4321/blog/toothlength-r-dataset-analysis/index.en_files/plotly-htmlwidgets-css/plotly-htmlwidgets.css&#34; rel=&#34;stylesheet&#34; /&gt;&#xA;&lt;script src=&#34;http://localhost:4321/blog/toothlength-r-dataset-analysis/index.en_files/plotly-main/plotly-latest.min.js&#34;&gt;&lt;/script&gt;&#xA;&lt;script src=&#34;http://localhost:4321/blog/toothlength-r-dataset-analysis/index.en_files/kePrint/kePrint.js&#34;&gt;&lt;/script&gt;&#xA;&lt;link href=&#34;http://localhost:4321/blog/toothlength-r-dataset-analysis/index.en_files/lightable/lightable.css&#34; rel=&#34;stylesheet&#34; /&gt;&#xA;&lt;link href=&#34;http://localhost:4321/blog/toothlength-r-dataset-analysis/index.en_files/htmltools-fill/fill.css&#34; rel=&#34;stylesheet&#34; /&gt;&#xA;&lt;script src=&#34;http://localhost:4321/blog/toothlength-r-dataset-analysis/index.en_files/htmlwidgets/htmlwidgets.js&#34;&gt;&lt;/script&gt;&#xA;&lt;script src=&#34;http://localhost:4321/blog/toothlength-r-dataset-analysis/index.en_files/plotly-binding/plotly.js&#34;&gt;&lt;/script&gt;&#xA;&lt;script src=&#34;http://localhost:4321/blog/toothlength-r-dataset-analysis/index.en_files/typedarray/typedarray.min.js&#34;&gt;&lt;/script&gt;&#xA;&lt;script src=&#34;http://localhost:4321/blog/toothlength-r-dataset-analysis/index.en_files/jquery/jquery.min.js&#34;&gt;&lt;/script&gt;&#xA;&lt;link href=&#34;http://localhost:4321/blog/toothlength-r-dataset-analysis/index.en_files/crosstalk/css/crosstalk.min.css&#34; rel=&#34;stylesheet&#34; /&gt;&#xA;&lt;script src=&#34;http://localhost:4321/blog/toothlength-r-dataset-analysis/index.en_files/crosstalk/js/crosstalk.min.js&#34;&gt;&lt;/script&gt;&#xA;&lt;link href=&#34;http://localhost:4321/blog/toothlength-r-dataset-analysis/index.en_files/plotly-htmlwidgets-css/plotly-htmlwidgets.css&#34; rel=&#34;stylesheet&#34; /&gt;&#xA;&lt;script src=&#34;http://localhost:4321/blog/toothlength-r-dataset-analysis/index.en_files/plotly-main/plotly-latest.min.js&#34;&gt;&lt;/script&gt;&#xA;&lt;h1 id=&#34;dataset&#34;&gt;Dataset&lt;/h1&gt;&#xA;&lt;p&gt;This is a classic R dataset and it concerns the vitamin C effect on tooth growth in Guinea pigs: there are sixty pigs and each one received one dose of vitamin C with three dosages (0.5, 1, and 2 mg/day) and each dosage can be delivered in two ways: by orange juice or by ascorbic acid (a form of vitamin C and coded as VC).&lt;/p&gt;</description>
    </item>
  </channel>
</rss>
