<?xml version="1.0" encoding="utf-8" standalone="yes"?>
<rss version="2.0" xmlns:atom="http://www.w3.org/2005/Atom">
  <channel>
    <title>Didattica on Andrea Martinelli website</title>
    <link>/categories/didattica/</link>
    <description>Recent content in Didattica on Andrea Martinelli website</description>
    <generator>Hugo -- gohugo.io</generator>
    <language>it</language>
    
	<atom:link href="/categories/didattica/index.xml" rel="self" type="application/rss+xml" />
    
    
    <item>
      <title>Didattica</title>
      <link>/didattica/</link>
      <pubDate>Mon, 01 Jan 0001 00:00:00 +0000</pubDate>
      
      <guid>/didattica/</guid>
      <description>Avviso  Per ragioni organizzative gli studenti che devono sostenere esami di corsi tenuti precedentemente all’Anno Accademico 2016-2017 devono contattare il docente.
  Corsi attivi  Statistica A (A.A. 2015-2016) Statistica B (A.A. 2016-2017) Statistica A (A.A. 2017-2018)   Corsi dei precedenti a.a. I corsi dei precedenti anni accademici sono:
 Statistica I - F49030 Statistica II - F49038 Economia Matematica II - F49029 Statistica e Finanza (Statistica e Applicazioni) A.</description>
    </item>
    
    <item>
      <title>Statistica A</title>
      <link>/pagine_didattica/statistica_a_2015_2016/</link>
      <pubDate>Mon, 01 Jan 0001 00:00:00 +0000</pubDate>
      
      <guid>/pagine_didattica/statistica_a_2015_2016/</guid>
      <description>Programma
Modalità di esame
Orari lezioni
   Programma Informazioni generali sul corso Il corso si svolgerà ad anni alterni, quindi A.A. 2017-2018, 2019-2020, etc
 Breve introduzione al corso L’approccio bayesiano all’inferenza sta acquisendo sempre più importanza in vari ambiti della statistica. Il fine del corso è quello di introdurre l’approccio bayesiano ai problemi di inferenza statistica parametrica. Gli argomenti trattati nel corso sono argomenti standard per l’approccio bayesiano alla statistica, per questo motivo si trovano una moltitudine di testi che coprono l’intero programma del corso (e molto altro).</description>
    </item>
    
  </channel>
</rss>