<?xml version="1.0" encoding="utf-8" standalone="yes"?>
<rss version="2.0" xmlns:atom="http://www.w3.org/2005/Atom">
  <channel>
    <title>Starting on Andrea Martinelli website</title>
    <link>http://localhost:4321/categories/starting/</link>
    <description>Recent content in Starting on Andrea Martinelli website</description>
    <generator>Hugo</generator>
    <language>it</language>
    <lastBuildDate>Wed, 24 Jun 2015 13:50:46 +0200</lastBuildDate>
    <atom:link href="http://localhost:4321/categories/starting/index.xml" rel="self" type="application/rss+xml" />
    <item>
      <title>Creating a new theme</title>
      <link>http://localhost:4321/blog/creating-a-new-theme/</link>
      <pubDate>Wed, 24 Jun 2015 13:50:46 +0200</pubDate>
      <guid>http://localhost:4321/blog/creating-a-new-theme/</guid>
      <description>&lt;h2 id=&#34;introduction&#34;&gt;Introduction&lt;/h2&gt;&#xA;&lt;p&gt;This tutorial will show you how to create a simple theme in Hugo. I assume that you are familiar with HTML, the bash command line, and that you are comfortable using Markdown to format content. I&amp;rsquo;ll explain how Hugo uses templates and how you can organize your templates to create a theme. I won&amp;rsquo;t cover using CSS to style your theme.&lt;/p&gt;&#xA;&lt;p&gt;We&amp;rsquo;ll start with creating a new site with a very basic template. Then we&amp;rsquo;ll add in a few pages and posts. With small variations on that, you will be able to create many different types of web sites.&lt;/p&gt;</description>
    </item>
  </channel>
</rss>
