<?xml version="1.0" encoding="utf-8" standalone="yes"?>
<rss version="2.0" xmlns:atom="http://www.w3.org/2005/Atom">
  <channel>
    <title>Tags on Andrea Martinelli website</title>
    <link>/tags/</link>
    <description>Recent content in Tags on Andrea Martinelli website</description>
    <generator>Hugo -- gohugo.io</generator>
    <language>it</language>
    <lastBuildDate>Wed, 29 Apr 2020 00:00:00 +0000</lastBuildDate>
    
	<atom:link href="/tags/index.xml" rel="self" type="application/rss+xml" />
    
    
    <item>
      <title>covid</title>
      <link>/tags/covid/</link>
      <pubDate>Wed, 29 Apr 2020 00:00:00 +0000</pubDate>
      
      <guid>/tags/covid/</guid>
      <description></description>
    </item>
    
    <item>
      <title>Didattica</title>
      <link>/tags/didattica/</link>
      <pubDate>Wed, 29 Apr 2020 00:00:00 +0000</pubDate>
      
      <guid>/tags/didattica/</guid>
      <description></description>
    </item>
    
    <item>
      <title>R intro</title>
      <link>/tags/r-intro/</link>
      <pubDate>Wed, 29 Apr 2020 00:00:00 +0000</pubDate>
      
      <guid>/tags/r-intro/</guid>
      <description></description>
    </item>
    
    <item>
      <title>Distribution theory</title>
      <link>/tags/distribution-theory/</link>
      <pubDate>Sat, 04 Apr 2020 00:00:00 +0000</pubDate>
      
      <guid>/tags/distribution-theory/</guid>
      <description></description>
    </item>
    
    <item>
      <title>Multivariate distributions</title>
      <link>/tags/multivariate-distributions/</link>
      <pubDate>Sat, 04 Apr 2020 00:00:00 +0000</pubDate>
      
      <guid>/tags/multivariate-distributions/</guid>
      <description></description>
    </item>
    
    <item>
      <title>Uniform distribution</title>
      <link>/tags/uniform-distribution/</link>
      <pubDate>Sat, 04 Apr 2020 00:00:00 +0000</pubDate>
      
      <guid>/tags/uniform-distribution/</guid>
      <description></description>
    </item>
    
  </channel>
</rss>